Genre,Version,type,difficulty,Achv,Chart Constant,bpm,releaseDate,Play Count,Last Played,Last Played_Year,Last Played_Month,Last Played_Day,noteCounts.tap,noteCounts.hold,noteCounts.slide,noteCounts.touch,noteCounts.break,noteCounts.total,songId_length,songId_English,songId_Japanese,songId_Punctuation
niconico＆VOCALOID™,23.0,1,2,92.63,9.5,127.0,0.0,1.0,1.73643336e+18,2025.0,1.0,9.0,176.0,24.0,26.0,12.0,12.0,250.0,10,0,10,0
maimai,19.0,1,2,99.95,11.9,128.0,155.0,1.0,1.75622316e+18,2025.0,8.0,26.0,172.0,49.0,33.0,56.0,4.0,314.0,15,14,0,0
niconico＆VOCALOID™,20.0,1,2,100.97,10.2,130.0,561.0,1.0,1.76229684e+18,2025.0,11.0,4.0,362.0,32.0,34.0,3.0,31.0,462.0,7,0,7,0
東方Project,20.0,1,2,99.27,10.2,172.0,981.0,1.0,1.75191552e+18,2025.0,7.0,7.0,252.0,97.0,22.0,15.0,44.0,430.0,10,7,2,0
maimai,22.0,1,2,99.37,11.0,190.0,981.0,1.0,1.75373094e+18,2025.0,7.0,28.0,349.0,59.0,44.0,9.0,34.0,495.0,6,0,6,0
niconico＆VOCALOID™,22.0,1,1,99.63,8.0,240.0,1246.0,1.0,1.74836682e+18,2025.0,5.0,27.0,324.0,13.0,10.0,26.0,2.0,375.0,7,0,7,0
niconico＆VOCALOID™,22.0,1,2,99.85,12.0,240.0,1246.0,3.0,1.7786826e+18,2026.0,5.0,13.0,506.0,56.0,33.0,32.0,13.0,640.0,7,0,7,0
niconico＆VOCALOID™,18.0,1,2,97.39,9.8,210.0,1618.0,2.0,1.74309042e+18,2025.0,3.0,27.0,314.0,75.0,15.0,51.0,53.0,508.0,7,0,7,0
maimai,16.0,1,2,98.83,11.3,132.0,2990.0,1.0,1.75373286e+18,2025.0,7.0,28.0,371.0,65.0,34.0,34.0,49.0,553.0,17,0,15,1
GAME＆VARIETY,16.0,1,2,94.99,12.2,200.0,2990.0,1.0,1.75571886e+18,2025.0,8.0,20.0,497.0,71.0,51.0,74.0,53.0,746.0,11,9,0,1
GAME＆VARIETY,16.0,1,2,97.25,11.2,174.0,3047.0,1.0,1.75459746e+18,2025.0,8.0,7.0,396.0,30.0,28.0,32.0,21.0,507.0,8,4,0,4
オンゲキ＆CHUNITHM,16.0,1,2,97.48,10.5,188.0,3061.0,2.0,1.7555538e+18,2025.0,8.0,18.0,447.0,47.0,48.0,23.0,62.0,627.0,6,0,6,0
POPS＆ANIME,16.0,1,2,94.7,8.7,156.0,3089.0,1.0,1.74050736e+18,2025.0,2.0,25.0,219.0,25.0,44.0,53.0,18.0,359.0,15,13,0,0
GAME＆VARIETY,16.0,1,2,99.91,11.8,180.0,3089.0,5.0,1.76780112e+18,2026.0,1.0,7.0,352.0,59.0,60.0,20.0,31.0,522.0,10,9,0,0
GAME＆VARIETY,16.0,1,2,99.22,12.0,210.0,3103.0,3.0,1.76799528e+18,2026.0,1.0,9.0,504.0,89.0,55.0,47.0,17.0,712.0,13,12,0,0
niconico＆VOCALOID™,16.0,1,2,100.89,9.0,185.0,3116.0,3.0,1.76229684e+18,2025.0,11.0,4.0,386.0,17.0,24.0,67.0,2.0,496.0,9,0,9,0
maimai,16.0,1,2,99.41,10.7,170.0,3145.0,1.0,1.75459974e+18,2025.0,8.0,7.0,290.0,38.0,70.0,7.0,20.0,425.0,13,0,13,0
オンゲキ＆CHUNITHM,16.0,1,2,100.62,10.7,185.0,3158.0,2.0,1.76867994e+18,2026.0,1.0,17.0,446.0,92.0,42.0,12.0,23.0,615.0,24,12,8,3
POPS＆ANIME,17.0,1,2,99.74,8.8,147.0,3172.0,1.0,1.74309414e+18,2025.0,3.0,27.0,274.0,59.0,9.0,26.0,83.0,451.0,12,0,10,2
niconico＆VOCALOID™,17.0,1,2,94.69,9.7,166.0,3172.0,1.0,1.74050916e+18,2025.0,2.0,25.0,382.0,48.0,34.0,30.0,28.0,522.0,4,4,0,0
GAME＆VARIETY,17.0,1,2,97.5,12.0,212.0,3172.0,1.0,1.75571886e+18,2025.0,8.0,20.0,469.0,72.0,37.0,0.0,51.0,629.0,17,13,0,1
GAME＆VARIETY,17.0,1,2,91.84,12.5,190.0,3172.0,1.0,1.76607324e+18,2025.0,12.0,18.0,606.0,29.0,42.0,27.0,31.0,735.0,13,12,0,0
POPS＆ANIME,17.0,1,3,97.14,12.8,147.0,3172.0,18.0,1.783173e+18,2026.0,7.0,4.0,499.0,36.0,88.0,63.0,74.0,760.0,12,0,10,2
maimai,16.0,1,2,95.56,12.8,165.0,3172.0,4.0,1.76606748e+18,2025.0,12.0,18.0,513.0,65.0,42.0,55.0,57.0,732.0,20,15,0,3
POPS＆ANIME,17.0,1,3,94.57,12.7,122.0,3186.0,1.0,1.76937168e+18,2026.0,1.0,25.0,179.0,5.0,45.0,44.0,37.0,310.0,12,2,10,0
オンゲキ＆CHUNITHM,17.0,1,2,100.72,10.0,178.0,3194.0,2.0,1.76867994e+18,2026.0,1.0,17.0,368.0,62.0,38.0,15.0,32.0,515.0,9,0,8,1
オンゲキ＆CHUNITHM,17.0,1,3,95.31,13.0,178.0,3194.0,2.0,1.77963234e+18,2026.0,5.0,24.0,631.0,57.0,133.0,95.0,22.0,938.0,9,0,8,1
オンゲキ＆CHUNITHM,17.0,1,2,92.15,10.2,158.0,3194.0,1.0,1.74111228e+18,2025.0,3.0,4.0,364.0,68.0,42.0,74.0,26.0,574.0,13,0,13,0
GAME＆VARIETY,17.0,1,2,100.12,11.8,155.0,3201.0,2.0,1.76860602e+18,2026.0,1.0,16.0,353.0,107.0,65.0,54.0,15.0,593.0,15,14,0,0
niconico＆VOCALOID™,17.0,1,3,97.1,12.5,124.0,3213.0,2.0,1.76713116e+18,2025.0,12.0,30.0,452.0,68.0,60.0,78.0,14.0,672.0,4,0,4,0
GAME＆VARIETY,17.0,1,2,96.79,11.8,200.0,3229.0,1.0,1.7660706e+18,2025.0,12.0,18.0,516.0,61.0,9.0,74.0,22.0,682.0,12,11,0,0
maimai,17.0,1,2,97.18,12.5,205.0,3243.0,1.0,1.75415688e+18,2025.0,8.0,2.0,561.0,94.0,37.0,16.0,33.0,741.0,10,0,9,1
maimai,17.0,1,2,98.25,11.7,200.0,3243.0,1.0,1.7563083e+18,2025.0,8.0,27.0,323.0,148.0,50.0,59.0,16.0,596.0,4,0,4,0
niconico＆VOCALOID™,17.0,1,3,96.49,12.8,176.0,3285.0,5.0,1.7836341e+18,2026.0,7.0,9.0,437.0,69.0,81.0,50.0,6.0,643.0,12,7,3,0
niconico＆VOCALOID™,17.0,1,2,95.21,9.8,176.0,3285.0,2.0,1.74441054e+18,2025.0,4.0,11.0,347.0,54.0,24.0,14.0,8.0,447.0,12,7,3,0
maimai,17.0,1,2,97.92,11.0,177.0,3297.0,1.0,1.75433568e+18,2025.0,8.0,4.0,405.0,65.0,31.0,10.0,10.0,521.0,13,12,0,0
maimai,17.0,1,2,90.82,13.0,188.0,3297.0,1.0,1.76988102e+18,2026.0,1.0,31.0,606.0,75.0,72.0,46.0,26.0,825.0,16,15,0,0
オンゲキ＆CHUNITHM,17.0,1,3,94.07,12.8,140.0,3341.0,1.0,1.76987238e+18,2026.0,1.0,31.0,522.0,80.0,77.0,27.0,13.0,719.0,12,10,0,0
GAME＆VARIETY,18.0,1,2,98.7,12.0,150.0,3354.0,1.0,1.7545986e+18,2025.0,8.0,7.0,395.0,52.0,64.0,61.0,27.0,599.0,1,0,1,0
maimai,18.0,1,2,98.34,12.0,216.0,3354.0,2.0,1.7551116e+18,2025.0,8.0,13.0,388.0,54.0,38.0,34.0,39.0,553.0,18,17,0,1
maimai,18.0,1,2,96.4,12.5,185.0,3354.0,1.0,1.76036988e+18,2025.0,10.0,13.0,489.0,51.0,68.0,22.0,100.0,730.0,20,11,4,3
maimai,18.0,1,2,98.41,10.0,180.0,3354.0,2.0,1.75105308e+18,2025.0,6.0,27.0,303.0,71.0,39.0,24.0,22.0,459.0,5,0,5,0
POPS＆ANIME,18.0,1,3,98.51,11.8,185.0,3354.0,1.0,1.76937168e+18,2026.0,1.0,25.0,519.0,63.0,118.0,11.0,10.0,721.0,4,0,4,0
POPS＆ANIME,18.0,1,1,97.65,7.5,185.0,3354.0,1.0,1.72001748e+18,2024.0,7.0,3.0,301.0,26.0,19.0,22.0,6.0,374.0,4,0,4,0
niconico＆VOCALOID™,18.0,1,1,97.7,7.2,170.0,3354.0,1.0,1.71172422e+18,2024.0,3.0,29.0,295.0,12.0,12.0,5.0,4.0,328.0,6,0,6,0
POPS＆ANIME,18.0,1,2,93.95,9.8,185.0,3354.0,1.0,1.74441354e+18,2025.0,4.0,11.0,466.0,75.0,41.0,4.0,2.0,588.0,4,0,4,0
niconico＆VOCALOID™,18.0,1,2,93.72,9.8,170.0,3354.0,2.0,1.7430948e+18,2025.0,3.0,27.0,384.0,81.0,22.0,21.0,11.0,519.0,6,0,6,0
niconico＆VOCALOID™,18.0,1,3,96.61,12.8,170.0,3354.0,5.0,1.77963516e+18,2026.0,5.0,24.0,473.0,58.0,135.0,7.0,10.0,683.0,6,0,6,0
GAME＆VARIETY,18.0,1,2,100.76,10.7,171.0,3360.0,7.0,1.76736474e+18,2026.0,1.0,2.0,353.0,46.0,78.0,26.0,84.0,587.0,14,13,0,0
GAME＆VARIETY,18.0,1,3,90.02,13.2,171.0,3360.0,1.0,1.76726988e+18,2026.0,1.0,1.0,702.0,49.0,92.0,55.0,37.0,935.0,14,13,0,0
niconico＆VOCALOID™,20.0,1,2,88.27,8.7,138.0,3383.0,1.0,1.72408962e+18,2024.0,8.0,19.0,268.0,21.0,26.0,11.0,52.0,378.0,15,0,15,0
maimai,18.0,1,1,98.71,8.5,201.0,3397.0,1.0,1.7483658e+18,2025.0,5.0,27.0,264.0,33.0,16.0,27.0,14.0,354.0,10,9,0,0
maimai,18.0,1,1,99.07,7.9,165.0,3397.0,2.0,1.72409256e+18,2024.0,8.0,19.0,263.0,13.0,28.0,20.0,8.0,332.0,10,0,9,1
東方Project,18.0,1,2,99.68,10.7,190.0,3411.0,5.0,1.75572414e+18,2025.0,8.0,20.0,444.0,97.0,56.0,9.0,17.0,623.0,9,0,9,0
東方Project,18.0,1,2,93.26,9.7,186.0,3411.0,1.0,1.7430933e+18,2025.0,3.0,27.0,360.0,50.0,33.0,21.0,18.0,482.0,7,0,7,0
niconico＆VOCALOID™,18.0,1,2,100.69,10.0,190.0,3425.0,1.0,1.76659374e+18,2025.0,12.0,24.0,450.0,45.0,40.0,35.0,29.0,599.0,16,0,14,2
niconico＆VOCALOID™,18.0,1,3,99.99,12.4,128.0,3425.0,12.0,1.7796339e+18,2026.0,5.0,24.0,506.0,60.0,39.0,31.0,35.0,671.0,9,0,8,1
niconico＆VOCALOID™,18.0,1,2,100.85,9.8,128.0,3425.0,1.0,1.76557176e+18,2025.0,12.0,12.0,379.0,68.0,9.0,12.0,9.0,477.0,9,0,8,1
niconico＆VOCALOID™,18.0,1,3,96.13,12.9,190.0,3425.0,6.0,1.7796339e+18,2026.0,5.0,24.0,551.0,75.0,87.0,116.0,43.0,872.0,16,0,14,2
maimai,18.0,1,2,95.82,12.0,205.0,3439.0,1.0,1.76607426e+18,2025.0,12.0,18.0,395.0,65.0,69.0,48.0,38.0,615.0,13,12,0,0
maimai,18.0,1,2,92.21,12.2,182.0,3439.0,1.0,1.7557221e+18,2025.0,8.0,20.0,428.0,91.0,52.0,21.0,16.0,608.0,7,7,0,0
maimai,18.0,1,2,96.79,12.1,140.0,3445.0,3.0,1.75777962e+18,2025.0,9.0,13.0,522.0,83.0,38.0,61.0,12.0,716.0,15,7,4,3
東方Project,18.0,1,2,100.15,9.5,181.0,3467.0,1.0,1.75208736e+18,2025.0,7.0,9.0,306.0,46.0,17.0,12.0,35.0,416.0,17,11,2,2
東方Project,18.0,1,3,95.04,12.7,181.0,3467.0,3.0,1.76901366e+18,2026.0,1.0,21.0,344.0,32.0,101.0,39.0,36.0,552.0,17,11,2,2
オンゲキ＆CHUNITHM,18.0,1,2,100.55,10.2,121.0,3474.0,5.0,1.7686791e+18,2026.0,1.0,17.0,370.0,81.0,53.0,70.0,50.0,624.0,8,0,7,1
POPS＆ANIME,18.0,1,1,100.86,7.9,128.0,3488.0,1.0,1.7501007e+18,2025.0,6.0,16.0,189.0,17.0,5.0,53.0,20.0,284.0,15,0,15,0
POPS＆ANIME,18.0,1,2,100.91,10.5,128.0,3488.0,7.0,1.7573478e+18,2025.0,9.0,8.0,157.0,184.0,33.0,57.0,8.0,439.0,15,0,15,0
maimai,18.0,1,1,98.96,8.0,153.0,3501.0,1.0,1.7369835e+18,2025.0,1.0,15.0,254.0,17.0,14.0,9.0,6.0,300.0,12,9,3,0
maimai,18.0,1,0,94.23,6.0,211.0,3501.0,1.0,1.7369835e+18,2025.0,1.0,15.0,214.0,16.0,6.0,10.0,6.0,252.0,5,0,5,0
maimai,18.0,1,2,99.84,11.4,153.0,3501.0,1.0,1.75555656e+18,2025.0,8.0,18.0,318.0,46.0,53.0,21.0,17.0,455.0,12,9,3,0
niconico＆VOCALOID™,18.0,1,2,100.03,10.2,140.0,3516.0,1.0,1.7555547e+18,2025.0,8.0,18.0,229.0,83.0,56.0,43.0,22.0,433.0,2,0,2,0
オンゲキ＆CHUNITHM,18.0,1,1,100.63,8.8,252.0,3530.0,1.0,1.75571982e+18,2025.0,8.0,20.0,291.0,29.0,34.0,17.0,7.0,378.0,6,0,6,0
maimai,19.0,1,2,99.62,10.7,184.0,3543.0,1.0,1.75701054e+18,2025.0,9.0,4.0,472.0,56.0,34.0,20.0,50.0,632.0,18,0,18,1
maimai,19.0,1,1,100.47,7.9,209.0,3543.0,1.0,1.75555566e+18,2025.0,8.0,18.0,277.0,43.0,21.0,25.0,8.0,374.0,19,17,0,0
niconico＆VOCALOID™,19.0,1,3,99.44,11.7,164.0,3543.0,3.0,1.76771658e+18,2026.0,1.0,6.0,439.0,80.0,86.0,15.0,13.0,633.0,6,0,6,0
オンゲキ＆CHUNITHM,19.0,1,2,98.75,12.5,185.0,3543.0,1.0,1.75631364e+18,2025.0,8.0,27.0,480.0,71.0,32.0,11.0,28.0,622.0,25,19,0,4
niconico＆VOCALOID™,19.0,1,2,100.55,10.2,164.0,3543.0,2.0,1.76073864e+18,2025.0,10.0,17.0,463.0,35.0,16.0,40.0,28.0,582.0,6,0,6,0
niconico＆VOCALOID™,19.0,1,2,99.59,11.0,240.0,3543.0,1.0,1.75555656e+18,2025.0,8.0,18.0,429.0,112.0,48.0,66.0,17.0,672.0,8,0,8,0
GAME＆VARIETY,19.0,1,2,97.04,11.8,95.0,3558.0,1.0,1.7555547e+18,2025.0,8.0,18.0,205.0,104.0,47.0,14.0,4.0,374.0,14,13,0,0
GAME＆VARIETY,19.0,1,2,96.33,12.0,90.0,3558.0,1.0,1.76713116e+18,2025.0,12.0,30.0,240.0,87.0,2.0,5.0,2.0,336.0,16,15,0,0
POPS＆ANIME,19.0,1,2,99.23,10.5,92.0,3621.0,1.0,1.75157142e+18,2025.0,7.0,3.0,332.0,51.0,19.0,2.0,22.0,426.0,9,8,0,1
POPS＆ANIME,19.0,1,2,99.78,10.8,150.0,3621.0,2.0,1.7528802e+18,2025.0,7.0,18.0,380.0,80.0,39.0,35.0,16.0,550.0,4,0,4,0
POPS＆ANIME,19.0,1,2,97.51,9.8,120.0,3621.0,2.0,1.74441054e+18,2025.0,4.0,11.0,331.0,44.0,10.0,6.0,6.0,397.0,5,0,5,0
maimai,19.0,1,1,98.54,8.8,230.0,3635.0,2.0,1.74018144e+18,2025.0,2.0,21.0,389.0,44.0,25.0,8.0,18.0,484.0,11,0,11,0
maimai,19.0,1,2,100.36,11.5,230.0,3635.0,8.0,1.76771724e+18,2026.0,1.0,6.0,462.0,83.0,32.0,32.0,9.0,618.0,11,0,11,0
maimai,19.0,1,2,98.15,12.5,150.0,3635.0,1.0,1.76850624e+18,2026.0,1.0,15.0,304.0,99.0,50.0,112.0,10.0,575.0,11,10,0,0
東方Project,19.0,1,2,100.32,10.0,150.0,3642.0,2.0,1.752003e+18,2025.0,7.0,8.0,366.0,52.0,31.0,33.0,11.0,493.0,12,5,3,3
maimai,18.0,1,2,99.06,10.7,145.0,3652.0,1.0,1.75373286e+18,2025.0,7.0,28.0,402.0,33.0,56.0,37.0,10.0,538.0,7,7,0,0
オンゲキ＆CHUNITHM,18.0,1,2,100.59,10.7,189.0,3663.0,1.0,1.76607324e+18,2025.0,12.0,18.0,358.0,86.0,37.0,111.0,15.0,607.0,12,0,12,0
オンゲキ＆CHUNITHM,19.0,1,2,97.61,12.2,200.0,3663.0,2.0,1.75631364e+18,2025.0,8.0,27.0,485.0,56.0,42.0,69.0,15.0,667.0,6,6,0,0
オンゲキ＆CHUNITHM,19.0,1,2,100.04,11.5,70.0,3705.0,2.0,1.75882644e+18,2025.0,9.0,25.0,240.0,40.0,55.0,14.0,17.0,366.0,16,15,0,0
オンゲキ＆CHUNITHM,19.0,1,2,99.94,11.5,150.0,3705.0,2.0,1.76606748e+18,2025.0,12.0,18.0,389.0,40.0,12.0,14.0,55.0,510.0,13,11,0,0
オンゲキ＆CHUNITHM,19.0,1,2,98.29,11.7,165.0,3705.0,1.0,1.75927518e+18,2025.0,9.0,30.0,495.0,58.0,54.0,8.0,80.0,695.0,8,0,7,1
オンゲキ＆CHUNITHM,19.0,1,2,97.09,12.4,186.0,3705.0,1.0,1.7603706e+18,2025.0,10.0,13.0,494.0,78.0,39.0,20.0,23.0,654.0,11,0,11,2
maimai,20.0,1,3,92.09,13.1,182.0,3718.0,1.0,1.78137204e+18,2026.0,6.0,13.0,578.0,35.0,125.0,65.0,64.0,867.0,5,0,5,0
maimai,20.0,1,2,100.89,10.5,200.0,3718.0,6.0,1.76530482e+18,2025.0,12.0,9.0,356.0,18.0,34.0,42.0,24.0,474.0,18,16,0,0
オンゲキ＆CHUNITHM,20.0,1,2,92.86,12.8,195.0,3718.0,1.0,1.7541522e+18,2025.0,8.0,2.0,545.0,112.0,58.0,19.0,17.0,751.0,21,17,0,1
POPS＆ANIME,20.0,1,3,99.19,11.5,128.0,3718.0,4.0,1.75511574e+18,2025.0,8.0,13.0,468.0,58.0,78.0,70.0,33.0,707.0,1,0,1,0
maimai,20.0,1,2,100.88,10.5,182.0,3718.0,6.0,1.78317228e+18,2026.0,7.0,4.0,500.0,41.0,24.0,81.0,21.0,667.0,5,0,5,0
maimai,20.0,1,2,100.21,11.0,186.0,3718.0,2.0,1.75554882e+18,2025.0,8.0,18.0,485.0,52.0,40.0,64.0,28.0,669.0,7,0,7,0
maimai,20.0,1,2,100.71,10.7,180.0,3718.0,7.0,1.76988102e+18,2026.0,1.0,31.0,355.0,54.0,31.0,37.0,9.0,486.0,15,14,0,1
POPS＆ANIME,20.0,1,2,99.93,8.5,128.0,3718.0,1.0,1.74664116e+18,2025.0,5.0,7.0,337.0,34.0,63.0,27.0,18.0,479.0,1,0,1,0
maimai,20.0,1,1,97.92,9.7,172.0,3718.0,1.0,1.74836466e+18,2025.0,5.0,27.0,374.0,38.0,6.0,38.0,7.0,463.0,16,14,0,0
niconico＆VOCALOID™,20.0,1,1,100.4,7.8,188.0,3718.0,1.0,1.72409256e+18,2024.0,8.0,19.0,371.0,24.0,9.0,20.0,10.0,434.0,4,0,4,0
niconico＆VOCALOID™,20.0,1,2,100.76,10.8,188.0,3718.0,2.0,1.76073744e+18,2025.0,10.0,17.0,473.0,72.0,8.0,42.0,83.0,678.0,4,0,4,0
maimai,20.0,1,1,100.77,8.0,162.0,3718.0,1.0,1.75587912e+18,2025.0,8.0,22.0,267.0,48.0,18.0,23.0,8.0,364.0,3,1,0,2
niconico＆VOCALOID™,20.0,1,2,97.13,9.8,170.0,3718.0,4.0,1.74309192e+18,2025.0,3.0,27.0,370.0,53.0,9.0,64.0,24.0,520.0,4,0,4,0
niconico＆VOCALOID™,20.0,1,2,100.48,10.2,188.0,3718.0,2.0,1.76073942e+18,2025.0,10.0,17.0,446.0,43.0,27.0,45.0,50.0,611.0,4,0,4,0
niconico＆VOCALOID™,20.0,1,3,100.13,11.5,170.0,3718.0,7.0,1.76771586e+18,2026.0,1.0,6.0,434.0,43.0,89.0,30.0,26.0,622.0,4,0,4,0
GAME＆VARIETY,20.0,1,1,94.98,7.8,227.0,3725.0,1.0,1.73643438e+18,2025.0,1.0,9.0,282.0,18.0,4.0,42.0,7.0,353.0,9,9,0,0
GAME＆VARIETY,20.0,1,2,100.13,12.2,227.0,3725.0,6.0,1.76606634e+18,2025.0,12.0,18.0,481.0,55.0,17.0,63.0,75.0,691.0,9,9,0,0
niconico＆VOCALOID™,21.0,1,2,99.22,10.0,133.0,3740.0,1.0,1.75096518e+18,2025.0,6.0,26.0,254.0,39.0,33.0,16.0,18.0,360.0,3,0,3,0
niconico＆VOCALOID™,21.0,1,3,99.66,12.4,168.0,3740.0,5.0,1.76726784e+18,2026.0,1.0,1.0,256.0,26.0,65.0,21.0,17.0,385.0,4,0,4,0
niconico＆VOCALOID™,21.0,1,3,96.04,12.8,133.0,3740.0,3.0,1.76771472e+18,2026.0,1.0,6.0,402.0,41.0,34.0,46.0,30.0,553.0,3,0,3,0
オンゲキ＆CHUNITHM,20.0,1,2,99.64,12.0,200.0,3754.0,4.0,1.76606634e+18,2025.0,12.0,18.0,448.0,66.0,57.0,64.0,13.0,648.0,15,14,0,0
niconico＆VOCALOID™,20.0,1,2,99.46,9.8,190.0,3768.0,1.0,1.75087932e+18,2025.0,6.0,25.0,416.0,76.0,24.0,37.0,28.0,581.0,13,0,13,1
POPS＆ANIME,20.0,1,2,100.56,10.7,180.0,3768.0,1.0,1.76315292e+18,2025.0,11.0,14.0,408.0,66.0,15.0,15.0,27.0,531.0,12,0,11,1
maimai,20.0,1,2,98.33,11.5,180.0,3782.0,1.0,1.75622514e+18,2025.0,8.0,26.0,292.0,69.0,57.0,69.0,36.0,523.0,24,19,0,0
GAME＆VARIETY,20.0,1,1,96.77,8.7,140.0,3796.0,1.0,1.74441354e+18,2025.0,4.0,11.0,280.0,19.0,6.0,30.0,8.0,343.0,11,0,11,0
maimai,20.0,1,2,100.67,11.7,206.0,3810.0,1.0,1.75572318e+18,2025.0,8.0,20.0,491.0,70.0,48.0,4.0,39.0,652.0,6,0,6,0
maimai,20.0,1,3,90.38,13.2,122.0,3810.0,1.0,1.7582394e+18,2025.0,9.0,18.0,385.0,36.0,89.0,80.0,21.0,611.0,8,8,0,0
GAME＆VARIETY,20.0,1,2,100.58,11.8,185.0,3817.0,3.0,1.76780052e+18,2026.0,1.0,7.0,347.0,68.0,45.0,46.0,119.0,625.0,16,0,13,3
GAME＆VARIETY,20.0,1,2,97.61,11.8,151.0,3831.0,1.0,1.7555538e+18,2025.0,8.0,18.0,402.0,41.0,42.0,11.0,45.0,541.0,12,12,0,0
オンゲキ＆CHUNITHM,20.0,1,1,100.01,8.0,175.0,3845.0,1.0,1.7483658e+18,2025.0,5.0,27.0,348.0,28.0,12.0,26.0,8.0,422.0,9,9,0,0
maimai,20.0,1,1,100.71,8.7,208.0,3859.0,1.0,1.76832972e+18,2026.0,1.0,13.0,338.0,20.0,30.0,17.0,4.0,409.0,4,0,4,0
maimai,20.0,1,2,99.02,11.0,164.0,3859.0,1.0,1.75690584e+18,2025.0,9.0,3.0,385.0,45.0,40.0,22.0,28.0,520.0,3,0,3,0
maimai,20.0,1,2,98.74,10.8,145.0,3859.0,1.0,1.756485e+18,2025.0,8.0,29.0,309.0,97.0,53.0,35.0,6.0,500.0,15,12,0,1
niconico＆VOCALOID™,20.0,1,2,100.5,11.6,220.0,3873.0,7.0,1.7607354e+18,2025.0,10.0,17.0,445.0,101.0,27.0,7.0,50.0,630.0,7,0,7,0
niconico＆VOCALOID™,20.0,1,3,99.09,12.0,120.0,3873.0,1.0,1.7686029e+18,2026.0,1.0,16.0,415.0,27.0,47.0,9.0,28.0,526.0,6,0,6,0
niconico＆VOCALOID™,20.0,1,2,99.2,8.2,120.0,3873.0,2.0,1.75018698e+18,2025.0,6.0,17.0,217.0,35.0,25.0,11.0,10.0,298.0,6,0,6,0
GAME＆VARIETY,20.0,1,2,94.33,12.8,205.0,3886.0,1.0,1.75459974e+18,2025.0,8.0,7.0,540.0,120.0,71.0,28.0,30.0,789.0,10,8,2,0
maimai,20.0,1,2,88.97,13.2,225.0,3886.0,1.0,1.7541555e+18,2025.0,8.0,2.0,487.0,89.0,38.0,63.0,36.0,713.0,6,6,0,0
GAME＆VARIETY,20.0,1,2,100.47,11.7,170.0,3886.0,2.0,1.76606838e+18,2025.0,12.0,18.0,372.0,69.0,49.0,7.0,77.0,574.0,11,10,0,0
POPS＆ANIME,21.0,1,2,98.64,10.7,140.0,3907.0,2.0,1.75287828e+18,2025.0,7.0,18.0,299.0,52.0,20.0,10.0,17.0,398.0,3,0,3,0
POPS＆ANIME,20.0,1,2,100.97,10.8,163.0,3907.0,9.0,1.75771068e+18,2025.0,9.0,12.0,328.0,78.0,36.0,61.0,35.0,538.0,17,16,0,0
POPS＆ANIME,21.0,1,2,98.73,10.5,181.0,3907.0,1.0,1.75157082e+18,2025.0,7.0,3.0,382.0,83.0,37.0,16.0,32.0,550.0,15,13,0,1
POPS＆ANIME,20.0,1,1,96.11,7.5,163.0,3907.0,1.0,1.7369835e+18,2025.0,1.0,15.0,273.0,35.0,6.0,29.0,13.0,356.0,17,16,0,0
POPS＆ANIME,21.0,1,2,100.46,10.5,195.0,3907.0,6.0,1.7546808e+18,2025.0,8.0,8.0,302.0,77.0,11.0,6.0,35.0,431.0,10,0,10,0
POPS＆ANIME,21.0,1,2,100.33,10.0,156.0,3907.0,4.0,1.75468014e+18,2025.0,8.0,8.0,343.0,25.0,32.0,50.0,36.0,486.0,6,0,6,0
maimai,21.0,1,1,100.56,8.2,190.0,3907.0,1.0,1.75572414e+18,2025.0,8.0,20.0,267.0,42.0,18.0,14.0,33.0,374.0,18,15,0,1
POPS＆ANIME,20.0,1,3,89.85,13.5,163.0,3907.0,2.0,1.7655732e+18,2025.0,12.0,12.0,517.0,78.0,109.0,13.0,105.0,822.0,17,16,0,0
POPS＆ANIME,21.0,1,3,99.55,11.5,177.0,3907.0,2.0,1.75823742e+18,2025.0,9.0,18.0,441.0,50.0,116.0,78.0,42.0,727.0,7,0,7,0
POPS＆ANIME,21.0,1,3,96.84,13.0,195.0,3907.0,2.0,1.7813661e+18,2026.0,6.0,13.0,441.0,27.0,41.0,13.0,37.0,559.0,10,0,10,0
niconico＆VOCALOID™,21.0,1,3,100.01,11.7,142.0,3907.0,4.0,1.76780184e+18,2026.0,1.0,7.0,363.0,34.0,54.0,23.0,12.0,486.0,5,0,5,0
maimai,21.0,1,2,100.77,11.9,190.0,3907.0,16.0,1.7667822e+18,2025.0,12.0,26.0,425.0,72.0,38.0,68.0,23.0,626.0,5,0,5,0
niconico＆VOCALOID™,21.0,1,2,100.03,8.7,142.0,3907.0,6.0,1.75018698e+18,2025.0,6.0,17.0,236.0,52.0,15.0,8.0,13.0,324.0,5,0,5,0
POPS＆ANIME,21.0,1,2,98.16,9.8,177.0,3907.0,1.0,1.74111342e+18,2025.0,3.0,4.0,426.0,54.0,27.0,17.0,44.0,568.0,7,0,7,0
niconico＆VOCALOID™,21.0,1,2,92.46,8.8,163.0,3907.0,1.0,1.73966556e+18,2025.0,2.0,16.0,244.0,62.0,18.0,32.0,12.0,368.0,8,0,8,0
niconico＆VOCALOID™,21.0,1,2,100.48,9.5,150.0,3907.0,1.0,1.7555586e+18,2025.0,8.0,18.0,255.0,55.0,29.0,10.0,21.0,370.0,11,0,11,0
GAME＆VARIETY,21.0,1,2,100.51,12.5,213.0,3929.0,4.0,1.7646981e+18,2025.0,12.0,2.0,538.0,80.0,49.0,20.0,72.0,759.0,7,7,0,0
GAME＆VARIETY,21.0,1,2,97.94,12.0,120.0,3929.0,6.0,1.76678484e+18,2025.0,12.0,26.0,477.0,57.0,46.0,45.0,25.0,650.0,8,0,8,0
GAME＆VARIETY,21.0,1,2,100.83,10.7,170.0,3957.0,1.0,1.75648326e+18,2025.0,8.0,29.0,401.0,49.0,21.0,27.0,55.0,553.0,20,4,12,2
東方Project,21.0,1,3,92.03,13.4,172.0,3971.0,1.0,1.76867838e+18,2026.0,1.0,17.0,472.0,50.0,76.0,44.0,122.0,764.0,12,0,12,0
東方Project,21.0,1,2,100.53,11.0,172.0,3971.0,5.0,1.75588134e+18,2025.0,8.0,22.0,345.0,88.0,50.0,12.0,24.0,519.0,12,0,12,0
東方Project,21.0,1,2,99.18,10.0,180.0,3984.0,1.0,1.75200378e+18,2025.0,7.0,8.0,300.0,132.0,40.0,19.0,20.0,511.0,6,0,6,0
東方Project,21.0,1,3,99.93,12.5,180.0,3984.0,6.0,1.78317156e+18,2026.0,7.0,4.0,374.0,98.0,106.0,54.0,34.0,666.0,6,0,6,0
maimai,21.0,1,2,100.56,11.8,190.0,4013.0,6.0,1.778685e+18,2026.0,5.0,13.0,461.0,46.0,43.0,13.0,30.0,593.0,28,10,13,3
maimai,21.0,1,2,99.39,10.9,136.0,4013.0,1.0,1.7537319e+18,2025.0,7.0,28.0,224.0,103.0,26.0,18.0,56.0,427.0,27,15,4,5
GAME＆VARIETY,21.0,1,2,99.81,12.0,160.0,4013.0,2.0,1.7582394e+18,2025.0,9.0,18.0,336.0,44.0,51.0,54.0,34.0,519.0,20,18,0,0
POPS＆ANIME,21.0,1,3,89.61,12.9,124.0,4027.0,1.0,1.76229924e+18,2025.0,11.0,4.0,197.0,15.0,77.0,28.0,60.0,377.0,5,0,5,0
オンゲキ＆CHUNITHM,21.0,1,2,97.73,10.7,186.0,4069.0,1.0,1.7510523e+18,2025.0,6.0,27.0,464.0,42.0,36.0,35.0,49.0,626.0,12,3,2,7
オンゲキ＆CHUNITHM,21.0,1,2,99.49,12.5,150.0,4069.0,2.0,1.7582364e+18,2025.0,9.0,18.0,452.0,74.0,37.0,9.0,60.0,632.0,12,11,0,0
オンゲキ＆CHUNITHM,21.0,1,3,98.33,12.5,140.0,4069.0,3.0,1.76987166e+18,2026.0,1.0,31.0,299.0,19.0,109.0,20.0,35.0,482.0,13,12,0,0
POPS＆ANIME,22.0,1,3,99.25,12.6,160.0,4082.0,6.0,1.77868164e+18,2026.0,5.0,13.0,381.0,129.0,69.0,41.0,61.0,681.0,8,0,8,0
POPS＆ANIME,22.0,1,1,99.26,6.8,160.0,4082.0,1.0,1.74017892e+18,2025.0,2.0,21.0,269.0,24.0,2.0,26.0,14.0,335.0,8,0,8,0
GAME＆VARIETY,22.0,1,2,100.3,11.9,240.0,4082.0,2.0,1.7563092e+18,2025.0,8.0,27.0,349.0,76.0,24.0,10.0,17.0,476.0,14,13,0,0
POPS＆ANIME,22.0,1,2,99.46,9.7,160.0,4082.0,6.0,1.75588386e+18,2025.0,8.0,22.0,421.0,50.0,29.0,15.0,23.0,538.0,8,0,8,0
niconico＆VOCALOID™,22.0,1,2,99.54,10.2,183.0,4082.0,2.0,1.75157262e+18,2025.0,7.0,3.0,413.0,53.0,7.0,14.0,51.0,538.0,3,0,3,0
niconico＆VOCALOID™,22.0,1,3,98.13,12.1,183.0,4082.0,2.0,1.76606634e+18,2025.0,12.0,18.0,441.0,125.0,74.0,40.0,23.0,703.0,3,0,3,0
maimai,22.0,1,2,100.87,11.9,152.0,4082.0,21.0,1.778685e+18,2026.0,5.0,13.0,345.0,91.0,50.0,52.0,49.0,587.0,21,19,0,2
maimai,22.0,1,2,98.93,11.5,236.0,4082.0,4.0,1.7564871e+18,2025.0,8.0,29.0,411.0,71.0,36.0,27.0,14.0,559.0,17,16,0,0
niconico＆VOCALOID™,22.0,1,3,99.13,11.8,186.0,4082.0,3.0,1.75823742e+18,2025.0,9.0,18.0,389.0,134.0,107.0,28.0,55.0,713.0,2,0,2,0
niconico＆VOCALOID™,22.0,1,2,100.66,11.9,220.0,4104.0,15.0,1.7786808e+18,2026.0,5.0,13.0,475.0,58.0,80.0,43.0,51.0,707.0,19,0,19,0
POPS＆ANIME,22.0,1,2,99.49,10.5,180.0,4110.0,1.0,1.75148628e+18,2025.0,7.0,2.0,440.0,42.0,47.0,25.0,29.0,583.0,12,10,0,0
POPS＆ANIME,22.0,1,3,95.54,12.8,180.0,4110.0,1.0,1.7698755e+18,2026.0,1.0,31.0,569.0,16.0,144.0,20.0,58.0,807.0,12,10,0,0
GAME＆VARIETY,22.0,1,2,100.35,11.8,160.0,4139.0,1.0,1.75459746e+18,2025.0,8.0,7.0,363.0,66.0,49.0,13.0,62.0,553.0,19,18,0,0
GAME＆VARIETY,22.0,1,1,100.38,8.7,210.0,4168.0,1.0,1.7557221e+18,2025.0,8.0,20.0,362.0,26.0,8.0,14.0,6.0,416.0,2,0,2,0
niconico＆VOCALOID™,22.0,1,2,95.28,10.0,172.0,4168.0,1.0,1.74111228e+18,2025.0,3.0,4.0,321.0,76.0,16.0,24.0,20.0,457.0,9,0,9,0
オンゲキ＆CHUNITHM,22.0,1,1,98.98,8.8,339.0,4168.0,1.0,1.74111228e+18,2025.0,3.0,4.0,330.0,29.0,6.0,29.0,6.0,400.0,6,6,0,0
maimai,22.0,1,1,100.67,8.7,339.0,4168.0,1.0,1.74836802e+18,2025.0,5.0,27.0,351.0,30.0,12.0,30.0,1.0,424.0,6,6,0,0
niconico＆VOCALOID™,23.0,1,3,95.3,12.8,171.0,4201.0,7.0,1.77868164e+18,2026.0,5.0,13.0,282.0,75.0,68.0,67.0,18.0,510.0,8,0,8,0
niconico＆VOCALOID™,23.0,1,3,100.16,12.7,180.0,4201.0,23.0,1.77963234e+18,2026.0,5.0,24.0,345.0,110.0,109.0,67.0,78.0,709.0,13,0,11,2
niconico＆VOCALOID™,23.0,1,2,100.78,9.7,171.0,4201.0,5.0,1.75468014e+18,2025.0,8.0,8.0,217.0,38.0,30.0,22.0,11.0,318.0,8,0,8,0
niconico＆VOCALOID™,23.0,1,2,100.97,10.5,180.0,4201.0,6.0,1.7546814e+18,2025.0,8.0,8.0,354.0,46.0,29.0,9.0,50.0,488.0,13,0,11,2
maimai,22.0,1,2,98.1,11.5,170.0,4223.0,1.0,1.7545986e+18,2025.0,8.0,7.0,338.0,75.0,50.0,12.0,43.0,518.0,17,15,0,0
maimai,22.0,1,2,94.8,12.5,90.0,4223.0,1.0,1.75572084e+18,2025.0,8.0,20.0,310.0,81.0,40.0,40.0,51.0,522.0,24,21,0,0
maimai,22.0,1,2,98.38,11.8,150.0,4223.0,1.0,1.75433436e+18,2025.0,8.0,4.0,337.0,82.0,55.0,42.0,3.0,519.0,12,11,0,0
GAME＆VARIETY,22.0,1,2,99.63,12.5,224.0,4237.0,1.0,1.76607324e+18,2025.0,12.0,18.0,392.0,48.0,37.0,56.0,58.0,591.0,9,8,0,1
maimai,22.0,1,0,96.63,7.0,88.0,4250.0,1.0,1.71172422e+18,2024.0,3.0,29.0,282.0,26.0,8.0,14.0,14.0,344.0,3,0,3,0
maimai,22.0,1,1,94.03,10.5,88.0,4250.0,1.0,1.74836466e+18,2025.0,5.0,27.0,474.0,28.0,4.0,25.0,8.0,539.0,3,0,3,0
niconico＆VOCALOID™,22.0,1,2,99.23,10.0,170.0,4258.0,3.0,1.75096518e+18,2025.0,6.0,26.0,410.0,33.0,32.0,16.0,19.0,510.0,5,5,0,0
niconico＆VOCALOID™,22.0,1,1,99.91,7.2,195.0,4258.0,2.0,1.72408854e+18,2024.0,8.0,19.0,248.0,13.0,8.0,46.0,3.0,318.0,9,0,9,0
niconico＆VOCALOID™,22.0,1,2,99.12,10.8,195.0,4258.0,1.0,1.75217664e+18,2025.0,7.0,10.0,418.0,55.0,23.0,40.0,36.0,572.0,9,0,9,0
POPS＆ANIME,23.0,1,2,97.12,10.0,187.0,4271.0,1.0,1.74111e+18,2025.0,3.0,4.0,366.0,47.0,32.0,33.0,28.0,506.0,6,0,6,0
オンゲキ＆CHUNITHM,22.0,1,1,99.93,8.0,163.0,4271.0,1.0,1.74836358e+18,2025.0,5.0,27.0,338.0,22.0,6.0,28.0,6.0,400.0,11,9,0,0
POPS＆ANIME,23.0,1,1,100.39,7.5,187.0,4271.0,1.0,1.73643942e+18,2025.0,1.0,9.0,319.0,20.0,3.0,13.0,8.0,363.0,6,0,6,0
東方Project,23.0,1,1,95.68,7.2,180.0,4271.0,1.0,1.72408854e+18,2024.0,8.0,19.0,293.0,34.0,5.0,14.0,12.0,358.0,9,0,9,0
POPS＆ANIME,23.0,1,1,96.34,7.8,185.0,4271.0,1.0,1.72408752e+18,2024.0,8.0,19.0,303.0,42.0,10.0,21.0,13.0,389.0,15,14,0,0
niconico＆VOCALOID™,23.0,1,3,100.48,11.8,173.0,4271.0,9.0,1.76780052e+18,2026.0,1.0,7.0,452.0,73.0,129.0,38.0,21.0,713.0,7,0,7,0
POPS＆ANIME,23.0,1,3,100.18,11.9,185.0,4271.0,9.0,1.76799528e+18,2026.0,1.0,9.0,489.0,79.0,91.0,48.0,40.0,747.0,15,14,0,0
maimai,23.0,1,2,98.82,11.8,252.0,4271.0,2.0,1.7555538e+18,2025.0,8.0,18.0,425.0,50.0,28.0,41.0,7.0,551.0,9,9,0,0
maimai,23.0,1,2,99.6,10.9,196.0,4271.0,2.0,1.75373286e+18,2025.0,7.0,28.0,496.0,40.0,49.0,23.0,89.0,697.0,6,0,6,0
オンゲキ＆CHUNITHM,23.0,1,2,95.1,12.9,198.0,4271.0,1.0,1.76987838e+18,2026.0,1.0,31.0,475.0,62.0,63.0,52.0,31.0,683.0,11,10,0,1
niconico＆VOCALOID™,23.0,1,3,100.06,11.6,115.0,4271.0,4.0,1.75701204e+18,2025.0,9.0,4.0,373.0,41.0,72.0,18.0,9.0,513.0,7,0,7,0
POPS＆ANIME,23.0,1,3,98.88,11.5,166.0,4271.0,2.0,1.75415328e+18,2025.0,8.0,2.0,425.0,44.0,100.0,11.0,49.0,629.0,4,0,4,0
東方Project,23.0,1,2,100.44,10.5,180.0,4271.0,2.0,1.75622052e+18,2025.0,8.0,26.0,392.0,72.0,51.0,24.0,24.0,563.0,9,0,9,0
niconico＆VOCALOID™,23.0,1,2,90.55,9.7,135.0,4271.0,1.0,1.72408854e+18,2024.0,8.0,19.0,406.0,35.0,15.0,42.0,10.0,508.0,8,0,8,0
niconico＆VOCALOID™,23.0,1,2,100.14,8.5,115.0,4271.0,2.0,1.7483658e+18,2025.0,5.0,27.0,234.0,32.0,28.0,12.0,8.0,314.0,7,0,7,0
niconico＆VOCALOID™,23.0,1,2,91.57,9.8,160.0,4271.0,1.0,1.72409142e+18,2024.0,8.0,19.0,272.0,42.0,22.0,28.0,25.0,389.0,7,0,7,0
POPS＆ANIME,23.0,1,2,99.65,10.7,185.0,4271.0,2.0,1.75044702e+18,2025.0,6.0,20.0,426.0,135.0,18.0,76.0,44.0,699.0,15,14,0,0
POPS＆ANIME,23.0,1,2,100.88,9.8,166.0,4271.0,2.0,1.75148628e+18,2025.0,7.0,2.0,333.0,66.0,24.0,46.0,44.0,513.0,4,0,4,0
POPS＆ANIME,23.0,1,2,100.34,11.0,204.0,4271.0,2.0,1.75942608e+18,2025.0,10.0,2.0,358.0,30.0,30.0,18.0,7.0,443.0,3,0,3,0
オンゲキ＆CHUNITHM,23.0,1,2,94.04,10.0,168.0,4282.0,1.0,1.74309642e+18,2025.0,3.0,27.0,468.0,39.0,43.0,12.0,69.0,631.0,12,10,0,0
GAME＆VARIETY,23.0,1,2,99.08,12.5,188.0,4293.0,6.0,1.76678412e+18,2025.0,12.0,26.0,510.0,72.0,74.0,30.0,31.0,717.0,34,27,0,2
GAME＆VARIETY,23.0,1,1,100.76,9.0,188.0,4293.0,2.0,1.75217898e+18,2025.0,7.0,10.0,391.0,22.0,8.0,16.0,6.0,443.0,34,27,0,2
maimai,23.0,1,1,99.34,8.0,190.0,4293.0,1.0,1.73643942e+18,2025.0,1.0,9.0,276.0,20.0,10.0,17.0,4.0,327.0,4,3,0,1
GAME＆VARIETY,23.0,1,1,99.66,8.0,180.0,4349.0,1.0,1.74441198e+18,2025.0,4.0,11.0,272.0,10.0,4.0,46.0,4.0,336.0,26,22,0,2
東方Project,23.0,1,2,98.44,12.5,190.0,4349.0,4.0,1.7698794e+18,2026.0,1.0,31.0,505.0,30.0,36.0,29.0,49.0,649.0,12,10,0,1
maimai,23.0,1,2,98.2,10.5,180.0,4363.0,1.0,1.7531271e+18,2025.0,7.0,21.0,383.0,69.0,32.0,26.0,24.0,534.0,18,10,4,2
maimai,23.0,1,2,100.21,11.8,188.0,4363.0,3.0,1.75554768e+18,2025.0,8.0,18.0,566.0,51.0,43.0,10.0,24.0,694.0,21,19,0,1
maimai,23.0,1,2,98.8,11.7,167.0,4363.0,4.0,1.75571766e+18,2025.0,8.0,20.0,408.0,71.0,55.0,30.0,56.0,620.0,8,8,0,0
maimai,23.0,1,2,98.24,10.7,142.0,4363.0,1.0,1.75278e+18,2025.0,7.0,17.0,356.0,43.0,33.0,20.0,20.0,472.0,19,17,0,1
GAME＆VARIETY,23.0,1,1,100.66,8.5,180.0,4377.0,1.0,1.75157454e+18,2025.0,7.0,3.0,331.0,19.0,11.0,37.0,5.0,403.0,20,0,14,6
GAME＆VARIETY,23.0,1,1,95.16,8.8,220.0,4383.0,1.0,1.72408962e+18,2024.0,8.0,19.0,343.0,31.0,17.0,31.0,16.0,438.0,10,10,0,0
niconico＆VOCALOID™,23.0,1,1,98.84,7.5,183.0,4391.0,1.0,1.7369835e+18,2025.0,1.0,15.0,314.0,24.0,8.0,16.0,10.0,372.0,3,0,3,0
POPS＆ANIME,23.0,1,1,98.5,7.7,195.0,4419.0,1.0,1.73643336e+18,2025.0,1.0,9.0,303.0,26.0,7.0,50.0,2.0,388.0,23,0,22,1
POPS＆ANIME,23.0,1,2,100.64,10.7,195.0,4419.0,2.0,1.75648326e+18,2025.0,8.0,29.0,414.0,75.0,42.0,20.0,25.0,576.0,23,0,22,1
POPS＆ANIME,23.0,1,2,100.82,10.0,170.0,4419.0,5.0,1.75468206e+18,2025.0,8.0,8.0,375.0,51.0,32.0,18.0,29.0,505.0,8,0,8,0
オンゲキ＆CHUNITHM,23.0,1,2,99.85,11.2,276.0,4433.0,3.0,1.7686791e+18,2026.0,1.0,17.0,489.0,72.0,59.0,11.0,25.0,656.0,11,0,9,2
maimai,26.0,1,2,96.32,12.7,200.0,4817.0,1.0,1.76987742e+18,2026.0,1.0,31.0,434.0,62.0,53.0,15.0,69.0,633.0,9,0,5,4
maimai,26.0,1,2,98.14,11.7,192.0,4817.0,1.0,1.78137276e+18,2026.0,6.0,13.0,365.0,84.0,68.0,47.0,22.0,586.0,15,14,0,0
maimai,26.0,1,2,100.79,11.0,182.0,4817.0,2.0,1.77082698e+18,2026.0,2.0,11.0,418.0,65.0,54.0,19.0,63.0,619.0,15,14,0,0
GAME＆VARIETY,26.0,1,3,93.38,13.0,180.0,4817.0,1.0,1.7698764e+18,2026.0,1.0,31.0,333.0,28.0,56.0,22.0,27.0,466.0,7,0,7,0
niconico＆VOCALOID™,26.0,1,2,100.89,10.8,170.0,4817.0,1.0,1.76909418e+18,2026.0,1.0,22.0,346.0,65.0,60.0,26.0,64.0,561.0,4,0,4,0
niconico＆VOCALOID™,26.0,1,3,100.83,12.0,170.0,4817.0,8.0,1.78317444e+18,2026.0,7.0,4.0,545.0,20.0,142.0,13.0,21.0,741.0,4,0,4,0
GAME＆VARIETY,26.0,1,3,99.19,12.2,180.0,4817.0,13.0,1.7849862e+18,2026.0,7.0,25.0,566.0,29.0,95.0,33.0,22.0,745.0,16,15,0,0
GAME＆VARIETY,26.0,1,2,100.91,10.7,180.0,4817.0,1.0,1.76909346e+18,2026.0,1.0,22.0,326.0,76.0,48.0,16.0,13.0,479.0,16,15,0,0
GAME＆VARIETY,26.0,1,2,97.97,12.8,195.0,4825.0,1.0,1.76987838e+18,2026.0,1.0,31.0,376.0,92.0,79.0,3.0,59.0,609.0,13,12,0,0
niconico＆VOCALOID™,26.0,1,2,100.23,10.7,180.0,4832.0,2.0,1.7718735e+18,2026.0,2.0,23.0,366.0,87.0,46.0,38.0,71.0,608.0,17,3,11,3
niconico＆VOCALOID™,26.0,1,2,100.53,10.2,156.0,4845.0,1.0,1.77351108e+18,2026.0,3.0,14.0,332.0,39.0,27.0,8.0,27.0,433.0,7,0,7,0
niconico＆VOCALOID™,26.0,1,2,99.64,11.0,180.0,4880.0,1.0,1.77558378e+18,2026.0,4.0,7.0,496.0,99.0,62.0,9.0,70.0,736.0,8,0,8,0
niconico＆VOCALOID™,26.0,1,3,89.82,13.2,170.0,4880.0,1.0,1.7755863e+18,2026.0,4.0,7.0,548.0,65.0,113.0,30.0,52.0,808.0,8,0,8,0
niconico＆VOCALOID™,26.0,1,2,99.86,10.8,202.0,4880.0,1.0,1.77558456e+18,2026.0,4.0,7.0,444.0,34.0,24.0,34.0,44.0,580.0,18,0,14,4
niconico＆VOCALOID™,26.0,1,2,99.14,12.4,239.0,4895.0,1.0,1.7786808e+18,2026.0,5.0,13.0,657.0,70.0,27.0,19.0,97.0,870.0,14,4,6,3
POPS＆ANIME,26.0,1,2,100.36,10.4,176.0,4930.0,1.0,1.78498884e+18,2026.0,7.0,25.0,342.0,68.0,38.0,40.0,30.0,518.0,8,0,8,0
POPS＆ANIME,26.0,1,2,100.57,10.8,168.0,4930.0,1.0,1.7813661e+18,2026.0,6.0,13.0,398.0,46.0,52.0,22.0,84.0,602.0,10,0,10,0
POPS＆ANIME,26.0,1,3,94.91,13.0,176.0,4930.0,1.0,1.78136706e+18,2026.0,6.0,13.0,545.0,42.0,86.0,58.0,18.0,749.0,8,0,8,0
POPS＆ANIME,26.0,1,3,88.4,13.2,168.0,4930.0,1.0,1.77963306e+18,2026.0,5.0,24.0,653.0,56.0,127.0,59.0,74.0,969.0,10,0,10,0
GAME＆VARIETY,26.0,1,2,100.59,11.7,180.0,4944.0,1.0,1.76986764e+18,2026.0,1.0,31.0,345.0,65.0,61.0,17.0,38.0,526.0,4,0,4,0
GAME＆VARIETY,26.0,1,2,98.51,12.8,240.0,4944.0,2.0,1.7698794e+18,2026.0,1.0,31.0,460.0,63.0,34.0,38.0,61.0,656.0,4,0,4,0
GAME＆VARIETY,26.0,1,2,100.69,11.5,185.0,4944.0,2.0,1.76987742e+18,2026.0,1.0,31.0,309.0,58.0,38.0,72.0,58.0,535.0,17,16,0,0
東方Project,26.0,1,2,98.8,10.7,188.0,4972.0,1.0,1.78317228e+18,2026.0,7.0,4.0,243.0,43.0,43.0,18.0,18.0,365.0,17,0,17,0
