Song,Genre,Version,Chart,Difficulty,Level,Achv,Rank,FC/AP,Sync,DX ✦,DX %,DX Score,Chart Constant
躯樹の墓守,maimai,UNiVERSE,DX,BASIC,6,94.23%,AAA,FC,SYNC,0,75.40%,570/756,6
系ぎて,maimai,BUDDiES,DX,BASIC,7,96.63%,AAA,-,SYNC,0,74.20%,766/1032,7
廻廻奇譚,POPS＆ANIME,UNiVERSE,DX,ADVANCED,7,97.65%,S,-,SYNC,0,79.00%,886/1122,7.5
さくゆいたいそう,POPS＆ANIME,BUDDiES,DX,ADVANCED,6+,99.26%,SS,-,-,0,82.50%,829/1005,6.8
INTERNET YAMERO,POPS＆ANIME,BUDDiES PLUS,DX,ADVANCED,7+,96.34%,AAA,-,SYNC,0,73.20%,854/1167,7.8
INTERNET OVERDOSE,POPS＆ANIME,FESTiVAL,DX,ADVANCED,7,96.11%,AAA,-,SYNC,0,76.80%,820/1068,7.5
偉大なる悪魔は実は大天使パトラちゃん様なのだ！,POPS＆ANIME,BUDDiES PLUS,DX,ADVANCED,7+,98.50%,S+,-,SYNC,0,78.00%,908/1164,7.7
過去を喰らう,POPS＆ANIME,BUDDiES PLUS,DX,ADVANCED,7,100.39%,SSS,-,SYNC,1,86.90%,946/1089,7.5
ミラクル・ショッピング,POPS＆ANIME,MiLK,STD,ADVANCED,7,98.15%,S+,FC,SYNC,0,76.90%,787/1023,7
インドア系ならトラックメイカー,POPS＆ANIME,UNiVERSE,DX,ADVANCED,7+,100.86%,SSS+,FC+,-,2,90.50%,771/852,7.9
グッバイ宣言,niconico＆VOCALOID™,UNiVERSE,DX,ADVANCED,7,97.70%,S,-,SYNC,0,80.40%,791/984,7.2
アニマル,niconico＆VOCALOID™,FESTiVAL,DX,ADVANCED,7+,100.40%,SSS,FC+,SYNC,1,85.90%,1119/1302,7.8
ヒバナ,niconico＆VOCALOID™,FiNALE,STD,ADVANCED,8,98.13%,S+,-,-,0,80.50%,978/1215,8.2
初音ミクの消失,niconico＆VOCALOID™,BUDDiES,DX,ADVANCED,8,99.63%,SS+,FC,SYNC,0,81.90%,921/1125,8
ラヴィ,niconico＆VOCALOID™,BUDDiES PLUS,DX,ADVANCED,7,98.84%,S+,-,SYNC,0,80.90%,903/1116,7.5
グリーンライツ・セレナーデ,niconico＆VOCALOID™,でらっくす,DX,ADVANCED,7,98.72%,S+,-,SYNC,0,82.70%,915/1107,7.5
ロキ,niconico＆VOCALOID™,FiNALE,STD,ADVANCED,8,98.97%,S+,-,SYNC,0,82.70%,911/1101,8
パーフェクト生命,niconico＆VOCALOID™,PiNK PLUS,STD,ADVANCED,8,100.21%,SSS,-,SYNC,2,90.30%,1254/1389,8.1
さよならプリンセス,niconico＆VOCALOID™,BUDDiES,DX,ADVANCED,7,99.91%,SS+,-,SYNC,0,84.80%,809/954,7.2
だんだん早くなる,niconico＆VOCALOID™,MURASAKi,STD,ADVANCED,8,97.76%,S,-,-,0,80.50%,1014/1260,8.3
恋愛裁判,niconico＆VOCALOID™,PiNK PLUS,STD,ADVANCED,7,97.78%,S,FC,SYNC,0,80.50%,734/912,7.1
ナイトメア☆パーティーナイト,niconico＆VOCALOID™,FiNALE,STD,ADVANCED,8,100.07%,SSS,-,-,0,84.00%,1056/1257,8.3
さよならヒストリー,東方Project,BUDDiES PLUS,DX,ADVANCED,7,95.68%,AAA,-,SYNC,0,72.90%,783/1074,7.2
ひれ伏せ愚民どもっ！,東方Project,PiNK PLUS,STD,ADVANCED,7+,100.65%,SSS+,FC+,FSD,1,88.30%,948/1074,7.8
Calamity Fortune,東方Project,MURASAKi PLUS,STD,ADVANCED,9,100.24%,SSS,FC,SYNC,2,92.70%,1132/1221,9.3
Chronomia,GAME＆VARIETY,PRiSM,DX,ADVANCED,8,96.49%,AAA,-,-,0,72.80%,887/1218,8.5
Luminaria,GAME＆VARIETY,FESTiVAL,DX,ADVANCED,7+,94.98%,AAA,-,SYNC,0,79.70%,844/1059,7.8
QUATTUORUX,GAME＆VARIETY,BUDDiES PLUS,DX,ADVANCED,8+,95.16%,AAA,-,SYNC,0,69.90%,918/1314,8.8
INFiNiTE ENERZY -Overdoze-,GAME＆VARIETY,BUDDiES PLUS,DX,ADVANCED,8,99.66%,SS+,-,SYNC,1,85.80%,865/1008,8
神威,GAME＆VARIETY,BUDDiES,DX,ADVANCED,8+,100.38%,SSS,-,SYNC,1,88.50%,1104/1248,8.7
"Good Bye, Mr. Jack",GAME＆VARIETY,FiNALE,STD,ADVANCED,9,91.21%,AA,-,SYNC,0,67.90%,823/1212,9
ouroboros -twin stroke of the end-,GAME＆VARIETY,BUDDiES PLUS,DX,ADVANCED,9,100.76%,SSS+,FC+,SYNC,2,90.70%,1206/1329,9
Abstruse Dilemma,GAME＆VARIETY,PRiSM,DX,ADVANCED,8+,98.62%,S+,FC,SYNC,0,75.60%,1164/1539,8.7
極圏,GAME＆VARIETY,FiNALE,STD,ADVANCED,9,99.23%,SS,FC,SYNC,1,86.70%,1173/1353,9.5
きたさいたま2000,GAME＆VARIETY,ORANGE,STD,ADVANCED,8+,99.85%,SS+,-,SYNC,1,86.50%,721/834,8.6
セイクリッド　ルイン,GAME＆VARIETY,FiNALE,STD,ADVANCED,9+,96.88%,AAA,-,-,0,77.50%,1130/1458,9.6
FREEDOM DiVE (tpz Overcute Remix),GAME＆VARIETY,MiLK PLUS,STD,ADVANCED,9,97.70%,S,-,SYNC,0,76.60%,1082/1413,9.5
ミラクルポップ☆アドベンチャー!!!!!,GAME＆VARIETY,BUDDiES PLUS,DX,ADVANCED,8,100.66%,SSS+,FC+,SYNC,1,89.10%,1077/1209,8.5
エナドリおいしいソング,GAME＆VARIETY,FESTiVAL,DX,ADVANCED,8+,96.77%,AAA,FC,SYNC,0,77.60%,799/1029,8.7
星空パーティーチューン,maimai,UNiVERSE PLUS,DX,ADVANCED,8+,98.54%,S+,-,-,0,83.30%,1209/1452,8.8
前衛的Landscape,maimai,UNiVERSE,DX,ADVANCED,8,98.96%,S+,-,SYNC,0,82.00%,738/900,8
FEEL the BEATS,maimai,PiNK,STD,ADVANCED,8+,83.66%,A,-,-,0,62.20%,924/1485,8.6
mystique as iris,maimai,FESTiVAL,DX,ADVANCED,9+,97.92%,S,-,SYNC,0,83.60%,1161/1389,9.7
雨露霜雪,maimai,PRiSM,DX,ADVANCED,9,100.87%,SSS+,FC+,SYNC,1,90.00%,1436/1596,9
QZKago Requiem,maimai,FiNALE,STD,ADVANCED,10+,96.21%,AAA,-,SYNC,0,74.60%,1327/1779,10.7
IF:U,maimai,BUDDiES PLUS,DX,ADVANCED,8,99.34%,SS,FC,SYNC,0,79.10%,776/981,8
raputa,maimai,BUDDiES,DX,ADVANCED,8+,100.67%,SSS+,FC+,SYNC,1,88.20%,1122/1272,8.7
the EmpErroR,maimai,FiNALE,STD,ADVANCED,10+,98.17%,S+,-,SYNC,0,81.80%,1308/1599,10.6
VeRForTe αRtE:VEiN,maimai,FESTiVAL PLUS,DX,ADVANCED,8,100.56%,SSS+,FC+,SYNC,1,89.20%,1001/1122,8.2
[X],maimai,FESTiVAL,DX,ADVANCED,8,100.77%,SSS+,FC+,-,1,88.60%,968/1092,8
VIIIbit Explorer,maimai,FESTiVAL,STD,ADVANCED,8,100.38%,SSS,FC,SYNC,1,88.30%,1014/1149,8.2
康莊大道,maimai,FESTiVAL,DX,ADVANCED,8+,100.71%,SSS+,FC+,-,2,91.00%,1116/1227,8.7
Strive against fate,maimai,UNiVERSE PLUS,DX,ADVANCED,7+,100.47%,SSS,FC,SYNC,1,89.80%,1007/1122,7.9
PANDORA PARADOXXX,maimai,FiNALE,STD,ADVANCED,11,93.64%,AA,-,SYNC,0,69.60%,1186/1704,11.5
華の集落、秋のお届け,maimai,UNiVERSE,DX,ADVANCED,7+,99.07%,SS,-,SYNC,0,82.50%,822/996,7.9
BLACK SWAN,maimai,UNiVERSE,DX,ADVANCED,8,98.71%,S+,-,SYNC,0,80.30%,853/1062,8.5
Glorious Crown,maimai,PiNK,STD,ADVANCED,10,100.23%,SSS,-,SYNC,1,86.50%,1602/1851,10.5
Axeria,maimai,ORANGE PLUS,STD,ADVANCED,8+,99.03%,SS,FC+,SYNC,0,84.90%,823/969,8.6
FFT,maimai,FiNALE,STD,ADVANCED,9,99.89%,SS+,FC,SYNC,0,84.70%,973/1149,9.5
Excalibur ～Revived resolution～,maimai,MiLK,STD,ADVANCED,10,97.11%,S,-,SYNC,0,76.20%,974/1278,10.3
Schwarzschild,maimai,FiNALE,STD,ADVANCED,9+,99.99%,SS+,FC,SYNC,0,84.70%,1125/1329,9.7
Fragrance,maimai,maimai PLUS,STD,ADVANCED,9,92.07%,AA,-,SYNC,0,70.70%,301/426,9.3
系ぎて,maimai,BUDDiES,DX,ADVANCED,10,94.03%,AAA,-,SYNC,0,73.70%,1191/1617,10.5
氷滅の135小節,maimai,PRiSM,DX,ADVANCED,9+,97.28%,S,-,SYNC,0,73.30%,1109/1512,9.8
Åntinomiε,maimai,PRiSM PLUS,DX,ADVANCED,9,100.49%,SSS,FC,FS+,1,88.90%,1318/1482,9.5
R'N'R Monsta,オンゲキ＆CHUNITHM,PRiSM,DX,ADVANCED,8,100.42%,SSS,-,SYNC,1,87.00%,1036/1191,8.2
Apollo,オンゲキ＆CHUNITHM,BUDDiES,DX,ADVANCED,8+,98.98%,S+,-,SYNC,0,80.80%,969/1200,8.8
Still,オンゲキ＆CHUNITHM,MiLK,STD,ADVANCED,7+,95.42%,AAA,-,-,0,68.40%,712/1041,7.6
Λzure Vixen,オンゲキ＆CHUNITHM,BUDDiES,DX,ADVANCED,8,99.93%,SS+,-,SYNC,1,86.10%,1033/1200,8
Hainuwele,オンゲキ＆CHUNITHM,FESTiVAL,DX,ADVANCED,8,100.01%,SSS,FC,SYNC,0,83.80%,1061/1266,8
スピカの天秤,オンゲキ＆CHUNITHM,UNiVERSE,DX,ADVANCED,8+,100.63%,SSS+,FC,SYNC,2,90.50%,1026/1134,8.8
World Vanquisher,オンゲキ＆CHUNITHM,MiLK PLUS,STD,ADVANCED,9+,97.82%,S,-,SYNC,0,76.50%,1024/1338,9.6
Xevel,オンゲキ＆CHUNITHM,MiLK PLUS,STD,ADVANCED,8+,99.65%,SS+,FC,SYNC,1,86.30%,1111/1287,8.8
TiamaT:F minor,オンゲキ＆CHUNITHM,FiNALE,STD,ADVANCED,10,91.23%,AA,-,SYNC,0,71.60%,1080/1509,10.3
エンドマークに希望と涙を添えて,オンゲキ＆CHUNITHM,MiLK,STD,ADVANCED,9+,93.64%,AA,-,SYNC,0,70.80%,1111/1569,9.6
愛♡スクリ～ム！,POPS＆ANIME,CiRCLE PLUS,DX,EXPERT,9,100.87%,SSS+,FC+,-,2,93.00%,1127/1212,9.5
アイドル,POPS＆ANIME,BUDDiES PLUS,DX,EXPERT,9+,100.88%,SSS+,FC,-,3,93.20%,1434/1539,9.8
勇者,POPS＆ANIME,PRiSM,DX,EXPERT,9+,96.97%,AAA,-,SYNC,0,74.90%,609/813,9.8
はいよろこんで,POPS＆ANIME,PRiSM PLUS,DX,EXPERT,9+,100.48%,SSS,FC,-,1,89.90%,1365/1518,9.8
うい麦畑でつかまえて,POPS＆ANIME,CiRCLE,DX,EXPERT,10+,100.57%,SSS+,FC,-,2,91.40%,1651/1806,10.8
勝手に生きましょ,POPS＆ANIME,CiRCLE,DX,EXPERT,10,100.36%,SSS,FC,-,1,89.30%,1387/1554,10.4
モエチャッカファイア,POPS＆ANIME,PRiSM PLUS,DX,EXPERT,10,100.73%,SSS+,FC+,SYNC,1,89.90%,1416/1575,10.5
前前前世,POPS＆ANIME,MURASAKi PLUS,STD,EXPERT,9,97.21%,S,-,SYNC,0,79.60%,1111/1395,?
阿修羅ちゃん,POPS＆ANIME,FESTiVAL PLUS,DX,EXPERT,10,100.33%,SSS,FC,SYNC,1,89.20%,1300/1458,10
踊,POPS＆ANIME,FESTiVAL,DX,EXPERT,8,99.93%,SS+,FC,-,1,86.70%,1246/1437,8.5
もういいよ,POPS＆ANIME,PRiSM PLUS,DX,EXPERT,9+,100.83%,SSS+,FC+,SYNC,1,89.20%,1461/1638,9.8
だから僕は音楽を辞めた,POPS＆ANIME,でらっくす PLUS,DX,EXPERT,8+,99.49%,SS,FC+,SYNC,1,85.10%,855/1005,8.7
廻廻奇譚,POPS＆ANIME,UNiVERSE,DX,EXPERT,9+,93.95%,AA,-,SYNC,0,74.90%,1322/1764,9.8
春を告げる,POPS＆ANIME,UNiVERSE PLUS,DX,EXPERT,9+,97.51%,S,-,SYNC,0,81.60%,972/1191,9.8
シカ色デイズ,POPS＆ANIME,PRiSM PLUS,DX,EXPERT,9+,100.62%,SSS+,FC,SYNC,2,91.50%,1065/1164,9.8
壱雫空,POPS＆ANIME,BUDDiES PLUS,DX,EXPERT,11,100.34%,SSS,FC,SYNC,1,88.50%,1176/1329,11
おとせサンダー,POPS＆ANIME,FESTiVAL PLUS,DX,EXPERT,9+,98.16%,S+,-,SYNC,1,87.20%,1486/1704,9.8
うぇいびー,POPS＆ANIME,PRiSM PLUS,DX,EXPERT,10,100.87%,SSS+,FC+,-,2,91.00%,1488/1635,10.5
RED,POPS＆ANIME,PRiSM PLUS,DX,EXPERT,9+,100.65%,SSS+,FC,FS+,1,89.20%,1068/1197,9.7
さくゆいたいそう,POPS＆ANIME,BUDDiES,DX,EXPERT,9+,99.46%,SS,-,SYNC,1,88.10%,1422/1614,9.7
Virtual to LIVE,POPS＆ANIME,Splash,DX,EXPERT,8+,94.70%,AAA,-,-,0,77.80%,838/1077,8.7
愛包ダンスホール,POPS＆ANIME,PRiSM,DX,EXPERT,9,100.92%,SSS+,FC+,-,2,92.10%,1420/1542,9.2
ヒバリ,POPS＆ANIME,FESTiVAL PLUS,DX,EXPERT,10+,98.64%,S+,-,SYNC,0,80.60%,962/1194,10.7
"Hello, Hologram",POPS＆ANIME,FESTiVAL PLUS,DX,EXPERT,10,98.73%,S+,-,-,0,80.60%,1330/1650,10.5
不機嫌なスリーカード,POPS＆ANIME,FESTiVAL PLUS,DX,EXPERT,10,100.46%,SSS,FC+,SYNC,1,87.10%,1126/1293,10.5
ヒトガタ,POPS＆ANIME,UNiVERSE PLUS,DX,EXPERT,10+,99.78%,SS+,FC,SYNC,1,88.70%,1463/1650,10.8
INTERNET YAMERO,POPS＆ANIME,BUDDiES PLUS,DX,EXPERT,10+,99.65%,SS+,-,-,0,84.10%,1763/2097,10.7
INTERNET OVERDOSE,POPS＆ANIME,FESTiVAL,DX,EXPERT,10+,100.97%,SSS+,AP,SYNC,3,94.10%,1519/1614,10.8
きゅびずむ,POPS＆ANIME,PRiSM PLUS,DX,EXPERT,10,100.09%,SSS,FC,FS+,1,88.60%,1246/1407,10
きゅびびびびずむ,POPS＆ANIME,PRiSM PLUS,DX,EXPERT,12,100.63%,SSS+,FC,SYNC,2,90.60%,1811/1998,12
モンダイナイトリッパー！,POPS＆ANIME,FESTiVAL,DX,EXPERT,10+,100.56%,SSS+,FC,-,2,91.10%,1451/1593,10.7
モンスターカミング,POPS＆ANIME,PRiSM,DX,EXPERT,11,99.29%,SS,FC,SYNC,0,81.90%,1192/1455,11.4
"メイトなやつら（FEAT. 天開司, 佐藤ホームズ, あっくん大魔王 & 歌衣メイカ）",POPS＆ANIME,PRiSM,DX,EXPERT,10,98.98%,S+,-,SYNC,0,83.70%,1122/1341,10
夢現妄想世界,POPS＆ANIME,PRiSM,DX,EXPERT,10+,100.12%,SSS,-,SYNC,1,87.30%,1629/1866,10.7
偉大なる悪魔は実は大天使パトラちゃん様なのだ！,POPS＆ANIME,BUDDiES PLUS,DX,EXPERT,10+,100.64%,SSS+,FC+,SYNC,2,91.10%,1574/1728,10.7
シュガーホリック,POPS＆ANIME,BUDDiES PLUS,DX,EXPERT,10,100.82%,SSS+,FC+,SYNC,2,90.00%,1364/1515,10
マヌルネコのうた,POPS＆ANIME,PRiSM PLUS,DX,EXPERT,9+,100.56%,SSS+,FC+,-,1,89.80%,1072/1194,9.8
スナネコのうた,POPS＆ANIME,PRiSM PLUS,DX,EXPERT,9+,100.43%,SSS,FC,SYNC,1,89.90%,704/783,9.7
シリウスの輝きのように,POPS＆ANIME,PRiSM,DX,EXPERT,10+,100.03%,SSS,FC,SYNC,1,87.00%,1086/1248,10.7
プラネタリウム・レヴュー,POPS＆ANIME,PRiSM,DX,EXPERT,10,99.98%,SS+,FC,-,1,86.80%,927/1068,10.5
過去を喰らう,POPS＆ANIME,BUDDiES PLUS,DX,EXPERT,10,97.12%,S,-,SYNC,0,82.90%,1259/1518,10
Burn My Soul,POPS＆ANIME,BUDDiES,DX,EXPERT,10,99.49%,SS,-,-,1,89.00%,1557/1749,10.5
おジャ魔女カーニバル!!,POPS＆ANIME,Splash PLUS,DX,EXPERT,8+,99.74%,SS+,-,-,1,87.70%,1187/1353,8.8
ハム太郎とっとこうた,POPS＆ANIME,でらっくす PLUS,DX,EXPERT,8,98.23%,S+,FC,SYNC,1,88.70%,633/714,8.5
　,POPS＆ANIME,UNiVERSE PLUS,DX,EXPERT,10,94.01%,AAA,-,SYNC,0,79.40%,850/1071,10.5
Princess♂,POPS＆ANIME,UNiVERSE PLUS,DX,EXPERT,10,99.23%,SS,-,-,0,84.00%,1074/1278,10.5
ネ！コ！,POPS＆ANIME,FiNALE,STD,EXPERT,10+,100.39%,SSS,FC+,SYNC,1,86.30%,1054/1221,10.6
真・ハンサム体操でズンドコホイ,POPS＆ANIME,MURASAKi PLUS,STD,EXPERT,10,94.15%,AAA,-,-,0,78.70%,751/954,10.2
若い力 -SEGA HARD GIRLS MIX-,POPS＆ANIME,ORANGE PLUS,STD,EXPERT,10,94.49%,AAA,-,SYNC,0,76.90%,884/1149,10
セハガガガンバッちゃう！！,POPS＆ANIME,PiNK PLUS,STD,EXPERT,11,100.61%,SSS+,FC+,-,1,87.10%,1587/1821,11.5
ラブリー☆えんじぇる!!,POPS＆ANIME,PiNK,STD,EXPERT,10,92.81%,AA,-,SYNC,0,71.90%,824/1146,10.1
ラブって♡ジュエリー♪えんじぇる☆ブレイク！！,POPS＆ANIME,FiNALE,STD,EXPERT,11+,99.55%,SS+,FC,-,1,85.30%,1034/1212,11.8
HIMITSUスパーク,POPS＆ANIME,PiNK,STD,EXPERT,10,95.64%,AAA,-,-,0,75.90%,1177/1551,10.1
ウッーウッーウマウマ(ﾟ∀ﾟ),POPS＆ANIME,maimai,STD,EXPERT,9+,100.94%,SSS+,AP,-,2,91.90%,1175/1278,9.7
ポップミュージックは僕のもの,POPS＆ANIME,MURASAKi,STD,EXPERT,9+,100.01%,SSS,-,-,1,85.20%,930/1092,9.9
ミラクル・ショッピング,POPS＆ANIME,MiLK,STD,EXPERT,10+,98.26%,S+,-,-,0,83.50%,1127/1350,10.8
きらっせ☆ウッド村ファーム,POPS＆ANIME,MURASAKi,STD,EXPERT,10,94.63%,AAA,-,-,0,81.50%,1392/1707,10.1
インドア系ならトラックメイカー,POPS＆ANIME,UNiVERSE,DX,EXPERT,10,100.91%,SSS+,FC+,SYNC,2,92.30%,1216/1317,10.5
テトリス,niconico＆VOCALOID™,CiRCLE,DX,EXPERT,10+,100.89%,SSS+,FC+,-,3,93.40%,1572/1683,10.8
メズマライザー,niconico＆VOCALOID™,PRiSM PLUS,DX,EXPERT,10,100.65%,SSS+,FC,-,2,90.60%,1425/1572,10.5
オーバーライド,niconico＆VOCALOID™,PRiSM,DX,EXPERT,11,100.92%,SSS+,FC+,SYNC,2,92.60%,1587/1713,11
のだ,niconico＆VOCALOID™,PRiSM PLUS,DX,EXPERT,9+,100.72%,SSS+,FC,FS+,2,92.00%,1223/1329,9.8
きゅうくらりん,niconico＆VOCALOID™,FESTiVAL,DX,EXPERT,11+,100.50%,SSS,FC,SYNC,1,89.20%,1686/1890,11.6
フォニイ,niconico＆VOCALOID™,FESTiVAL,DX,EXPERT,9+,97.13%,S,-,SYNC,0,84.70%,1321/1560,9.8
グッバイ宣言,niconico＆VOCALOID™,UNiVERSE,DX,EXPERT,9+,93.72%,AA,-,-,0,77.60%,1209/1557,9.8
星界ちゃんと可不ちゃんのおつかい合騒曲,niconico＆VOCALOID™,BUDDiES,DX,EXPERT,11+,100.66%,SSS+,FC,SYNC,2,91.30%,1937/2121,11.9
サイエンス,niconico＆VOCALOID™,CiRCLE,DX,EXPERT,10,100.78%,SSS+,FC,-,2,92.00%,1468/1596,10
はじまりの未来,niconico＆VOCALOID™,CiRCLE,DX,EXPERT,10,100.53%,SSS+,-,-,1,89.10%,1157/1299,10.2
バグ,niconico＆VOCALOID™,BUDDiES,DX,EXPERT,10,69.89%,B,-,SYNC,0,49.80%,924/1854,10.2
トンデモワンダーズ,niconico＆VOCALOID™,BUDDiES,DX,EXPERT,10,95.28%,AAA,-,SYNC,0,78.90%,1082/1371,10
てらてら,niconico＆VOCALOID™,PRiSM,DX,EXPERT,10,96.78%,AAA,-,-,0,80.20%,1270/1584,10.5
セカイ,niconico＆VOCALOID™,FESTiVAL PLUS,DX,EXPERT,10,99.22%,SS,-,-,1,85.30%,921/1080,10
にっこり^^調査隊のテーマ,niconico＆VOCALOID™,BUDDiES PLUS,DX,EXPERT,10,100.97%,SSS+,FC+,-,3,94.30%,1380/1464,10.5
セカイはまだ始まってすらいない,niconico＆VOCALOID™,FESTiVAL,DX,EXPERT,8+,88.27%,A,-,SYNC,0,71.60%,812/1134,8.7
アイディスマイル,niconico＆VOCALOID™,BUDDiES PLUS,DX,EXPERT,9+,100.78%,SSS+,FC+,SYNC,1,89.70%,856/954,9.7
ウィーアーピコピコハンマーズ!!!!,niconico＆VOCALOID™,CiRCLE,DX,EXPERT,10+,99.86%,SS+,-,-,0,81.80%,1423/1740,10.8
最愛人生ランナー,niconico＆VOCALOID™,CiRCLE,DX,EXPERT,11,99.64%,SS+,-,-,0,84.70%,1870/2208,11
しゅ～しん？変身☆ハカイシンzzZ,niconico＆VOCALOID™,CiRCLE,DX,EXPERT,10+,100.23%,SSS,-,-,2,90.40%,1649/1824,10.7
熱異常,niconico＆VOCALOID™,BUDDiES,DX,EXPERT,10,99.54%,SS+,-,SYNC,0,80.70%,1302/1614,10.2
バベル,niconico＆VOCALOID™,PRiSM,DX,EXPERT,10,97.20%,S,-,-,0,80.30%,1175/1464,10.5
人マニア,niconico＆VOCALOID™,PRiSM,DX,EXPERT,10+,99.84%,SS+,-,SYNC,1,88.10%,1110/1260,10.9
イガク,niconico＆VOCALOID™,PRiSM,DX,EXPERT,11,100.20%,SSS,FC,SYNC,1,89.80%,1401/1560,11.2
あいたい星人,niconico＆VOCALOID™,PRiSM PLUS,DX,EXPERT,9+,100.39%,SSS,FC,-,1,89.90%,1427/1587,9.7
ハオ,niconico＆VOCALOID™,PRiSM PLUS,DX,EXPERT,10,100.78%,SSS+,FC,-,2,92.50%,1393/1506,10
デビルじゃないもん,niconico＆VOCALOID™,PRiSM,DX,EXPERT,9+,98.71%,S+,FC,SYNC,1,88.50%,1293/1461,9.7
アニマル,niconico＆VOCALOID™,FESTiVAL,DX,EXPERT,10+,100.76%,SSS+,FC,-,3,93.70%,1906/2034,10.8
ジレンマ,niconico＆VOCALOID™,FESTiVAL,DX,EXPERT,10,100.48%,SSS,-,-,3,93.00%,1705/1833,10.2
ヴァンパイア,niconico＆VOCALOID™,UNiVERSE PLUS,DX,EXPERT,10,100.55%,SSS+,FC,-,1,87.60%,1529/1746,10.2
アンドロイドガール,niconico＆VOCALOID™,でらっくす PLUS,DX,EXPERT,10,100.42%,SSS,FC,-,3,93.20%,1593/1710,10.4
ヒバナ,niconico＆VOCALOID™,FiNALE,STD,EXPERT,11,100.90%,SSS+,FC+,-,3,93.40%,1328/1422,11.1
ゴーストルール,niconico＆VOCALOID™,UNiVERSE,DX,EXPERT,9+,97.39%,S,-,SYNC,0,81.60%,1244/1524,9.8
ゴーストルール,niconico＆VOCALOID™,MURASAKi,STD,EXPERT,10+,98.75%,S+,FC,SYNC,0,79.70%,1270/1593,10.9
ストリーミングハート,niconico＆VOCALOID™,ORANGE PLUS,STD,EXPERT,10+,99.76%,SS+,-,-,1,86.70%,1345/1551,10.7
モザイクロール,niconico＆VOCALOID™,FESTiVAL,DX,EXPERT,10,100.97%,SSS+,AP,-,3,93.00%,1289/1386,10.2
弱虫モンブラン,niconico＆VOCALOID™,GreeN,STD,EXPERT,10+,100.12%,SSS,FC,-,1,88.40%,708/801,10.9
酔いどれ知らず,niconico＆VOCALOID™,BUDDiES PLUS,DX,EXPERT,8,100.14%,SSS,FC+,SYNC,1,88.00%,829/942,8.5
QUEEN,niconico＆VOCALOID™,BUDDiES,DX,EXPERT,10,99.23%,SS,-,SYNC,1,88.00%,1347/1530,10
KING,niconico＆VOCALOID™,Splash PLUS,DX,EXPERT,9+,94.69%,AAA,-,SYNC,0,76.50%,1198/1566,9.7
Let's ミクササイズ！！,niconico＆VOCALOID™,CiRCLE,DX,EXPERT,12,99.14%,SS,-,-,0,83.40%,2178/2610,12.4
初音天地開闢神話,niconico＆VOCALOID™,UNiVERSE PLUS,DX,EXPERT,11,99.59%,SS+,-,SYNC,1,89.80%,1811/2016,11
初音ミクの激唱,niconico＆VOCALOID™,MiLK PLUS,STD,EXPERT,12,97.65%,S,-,SYNC,0,79.40%,1341/1689,12.4
初音ミクの消失,niconico＆VOCALOID™,BUDDiES,DX,EXPERT,12,99.85%,SS+,FC,SYNC,1,87.70%,1684/1920,12
初音ミクの消失,niconico＆VOCALOID™,PiNK,STD,EXPERT,11+,97.09%,S,FC,SYNC,0,76.70%,1457/1899,11.8
終点,niconico＆VOCALOID™,FiNALE,STD,EXPERT,12,99.05%,SS,-,SYNC,0,84.20%,1341/1593,12.4
病み垢ステロイド,niconico＆VOCALOID™,PRiSM,DX,EXPERT,11,100.76%,SSS+,FC+,FS+,2,91.90%,1729/1881,11
神っぽいな,niconico＆VOCALOID™,FESTiVAL PLUS,DX,EXPERT,8+,100.03%,SSS,FC,SYNC,1,87.00%,846/972,8.7
魔法少女とチョコレゐト,niconico＆VOCALOID™,FESTiVAL PLUS,DX,EXPERT,9,100.48%,SSS,FC,FS+,1,88.20%,979/1110,9.5
腐れ外道とチョコレゐト,niconico＆VOCALOID™,maimai PLUS,STD,EXPERT,12+,96.04%,AAA,-,-,0,76.20%,1108/1455,12.7
リアライズ,niconico＆VOCALOID™,PRiSM,DX,EXPERT,10,97.16%,S,-,-,0,81.90%,1272/1554,10
マーシャル・マキシマイザー,niconico＆VOCALOID™,FESTiVAL,DX,EXPERT,9+,99.46%,SS,FC,-,0,82.60%,1439/1743,9.8
M@GICAL☆CURE! LOVE ♥ SHOT!,niconico＆VOCALOID™,PRiSM PLUS,DX,EXPERT,11,100.75%,SSS+,FC,SYNC,2,91.70%,1714/1869,11.2
お呪い,niconico＆VOCALOID™,PRiSM PLUS,DX,EXPERT,10,100.27%,SSS,FC,-,2,90.30%,913/1011,10.2
三日月ステップ 2023,niconico＆VOCALOID™,PRiSM PLUS,DX,EXPERT,10,98.75%,S+,-,-,0,83.50%,1401/1677,10
強風オールバック,niconico＆VOCALOID™,BUDDiES PLUS,DX,EXPERT,9+,90.55%,AA,-,SYNC,0,71.00%,1082/1524,9.7
寝起きヤシの木,niconico＆VOCALOID™,BUDDiES PLUS,DX,EXPERT,9+,91.57%,AA,-,SYNC,0,77.50%,905/1167,9.8
WORLD'S END UMBRELLA,niconico＆VOCALOID™,FiNALE,STD,EXPERT,10,100.43%,SSS,FC,FS+,1,89.20%,1191/1335,10.3
ゴーゴー幽霊船,niconico＆VOCALOID™,PRiSM PLUS,DX,EXPERT,10,99.46%,SS,FC,SYNC,1,85.50%,1108/1296,10
抜錨,niconico＆VOCALOID™,PRiSM PLUS,DX,EXPERT,10+,99.95%,SS+,FC,SYNC,1,87.90%,1488/1692,10.7
39,niconico＆VOCALOID™,maimai PLUS,STD,EXPERT,11,96.06%,AAA,-,SYNC,0,75.20%,670/891,11.2
グリーンライツ・セレナーデ,niconico＆VOCALOID™,でらっくす,DX,EXPERT,10,66.53%,B,-,SYNC,0,44.60%,821/1839,10.3
回る空うさぎ,niconico＆VOCALOID™,FESTiVAL,DX,EXPERT,8,99.20%,SS,-,-,0,83.20%,744/894,8.2
Alice in 冷凍庫,niconico＆VOCALOID™,Splash PLUS,DX,EXPERT,9+,95.21%,AAA,-,SYNC,0,76.70%,1028/1341,9.8
アスノヨゾラ哨戒班,niconico＆VOCALOID™,Splash,DX,EXPERT,9,100.89%,SSS+,FC+,-,2,92.30%,1374/1488,9
キミノヨゾラ哨戒班,niconico＆VOCALOID™,PiNK PLUS,STD,EXPERT,10+,95.87%,AAA,-,SYNC,0,75.40%,1203/1596,10.8
キャットラビング,niconico＆VOCALOID™,FESTiVAL PLUS,DX,EXPERT,8+,92.46%,AA,-,-,0,74.40%,821/1104,8.8
だれかの心臓になれたなら,niconico＆VOCALOID™,でらっくす,DX,EXPERT,9,94.02%,AAA,-,-,0,77.50%,1144/1476,9.2
snooze,niconico＆VOCALOID™,PRiSM,DX,EXPERT,10+,98.26%,S+,-,SYNC,1,85.00%,1571/1848,10.7
ワールドワイドワンダー,niconico＆VOCALOID™,PRiSM,DX,EXPERT,9,99.16%,SS,-,-,1,87.10%,1275/1464,9.5
春嵐,niconico＆VOCALOID™,UNiVERSE,DX,EXPERT,10,100.03%,SSS,FC,SYNC,2,91.40%,1187/1299,10.2
ラグトレイン,niconico＆VOCALOID™,UNiVERSE,DX,EXPERT,9+,96.85%,AAA,-,SYNC,0,79.60%,1280/1608,9.8
ダンスロボットダンス,niconico＆VOCALOID™,MiLK,STD,EXPERT,11,100.47%,SSS,FC,SYNC,2,90.00%,1780/1977,11.5
パーフェクト生命,niconico＆VOCALOID™,PiNK PLUS,STD,EXPERT,10,96.82%,AAA,-,-,0,82.20%,1495/1818,10.1
ハッピーシンセサイザ,niconico＆VOCALOID™,BUDDiES PLUS,DX,EXPERT,9,92.63%,AA,-,SYNC,0,75.90%,569/750,9.5
さよならプリンセス,niconico＆VOCALOID™,BUDDiES,DX,EXPERT,10+,99.12%,SS,-,SYNC,1,85.60%,1469/1716,10.8
カゲロウデイズ,niconico＆VOCALOID™,GreeN,STD,EXPERT,11+,99.45%,SS,-,SYNC,1,86.60%,1052/1215,11.7
白ゆき,niconico＆VOCALOID™,MURASAKi PLUS,STD,EXPERT,11+,100.80%,SSS+,FC+,-,2,90.90%,1222/1344,11.7
ウミユリ海底譚,niconico＆VOCALOID™,ORANGE PLUS,STD,EXPERT,9+,98.40%,S+,-,SYNC,0,81.10%,1126/1389,9.7
だんだん早くなる,niconico＆VOCALOID™,MURASAKi,STD,EXPERT,10,100.29%,SSS,FC,-,1,87.00%,1047/1203,10.4
恋愛裁判,niconico＆VOCALOID™,PiNK PLUS,STD,EXPERT,10,99.01%,SS,FC,SYNC,0,81.30%,958/1179,10
立ち入り禁止,niconico＆VOCALOID™,FiNALE,STD,EXPERT,11+,99.17%,SS,-,SYNC,0,81.40%,1363/1674,11.7
エイプリルスター,niconico＆VOCALOID™,PRiSM,DX,EXPERT,10,99.49%,SS,-,SYNC,1,87.50%,1506/1722,10.2
ポッピンキャンディ☆フィーバー！,niconico＆VOCALOID™,UNiVERSE,DX,EXPERT,10,100.69%,SSS+,FC,-,2,92.90%,1670/1797,10
どぅーまいべすと！,niconico＆VOCALOID™,UNiVERSE,DX,EXPERT,9+,100.85%,SSS+,FC+,-,3,93.30%,1335/1431,9.8
スターリースカイ☆パレード,niconico＆VOCALOID™,でらっくす PLUS,DX,EXPERT,10,100.11%,SSS,FC+,-,2,92.50%,1612/1743,10
やめろ！聴くな！,niconico＆VOCALOID™,PiNK PLUS,STD,EXPERT,10,97.37%,S,-,SYNC,0,77.00%,1233/1602,10.1
ありきたりな恋の歌,niconico＆VOCALOID™,PRiSM PLUS,DX,EXPERT,10,100.65%,SSS+,FC,-,2,91.50%,1584/1731,10.5
ゆりかご,niconico＆VOCALOID™,PRiSM PLUS,DX,EXPERT,9,100.23%,SSS,-,SYNC,1,88.90%,915/1029,9
月光,niconico＆VOCALOID™,PRiSM PLUS,DX,EXPERT,11,100.27%,SSS,FC,SYNC,2,90.40%,1738/1923,11.2
六兆年と一夜物語,niconico＆VOCALOID™,でらっくす,DX,EXPERT,9,97.68%,S,-,-,1,86.30%,916/1062,9.4
敗北の少年,niconico＆VOCALOID™,FiNALE,STD,EXPERT,11+,98.36%,S+,FC,FS+,0,79.40%,1515/1908,11.8
Hand in Hand,niconico＆VOCALOID™,PiNK PLUS,STD,EXPERT,10,96.25%,AAA,-,SYNC,0,77.80%,959/1233,10.5
天ノ弱,niconico＆VOCALOID™,GreeN,STD,EXPERT,11,99.92%,SS+,FC,FS+,1,87.40%,1093/1251,11
ナイトメア☆パーティーナイト,niconico＆VOCALOID™,FiNALE,STD,EXPERT,11,100.51%,SSS+,FC,-,1,89.30%,1500/1680,11
おねがいダーリン,niconico＆VOCALOID™,MiLK PLUS,STD,EXPERT,11,100.30%,SSS,FC,-,1,89.70%,1848/2061,11.3
ロストワンの号哭,niconico＆VOCALOID™,ORANGE PLUS,STD,EXPERT,10+,89.98%,A,-,SYNC,0,67.40%,1102/1635,10.8
東京リアルワールド,niconico＆VOCALOID™,PiNK PLUS,STD,EXPERT,9,100.60%,SSS+,FC+,FSD,1,87.40%,1238/1416,9.4
Nyan Cat EX,niconico＆VOCALOID™,GreeN,STD,EXPERT,11+,98.22%,S+,FC,-,0,79.70%,1177/1476,11.7
木彫り鯰と右肩ゾンビ,niconico＆VOCALOID™,PiNK PLUS,STD,EXPERT,10+,98.54%,S+,-,SYNC,0,84.70%,1383/1632,10.8
"Help me, ERINNNNNN!!",東方Project,PRiSM PLUS,DX,EXPERT,10+,101.00%,SSS+,AP+,-,3,93.10%,1623/1743,10.7
超最終鬼畜妹フランドール・S,東方Project,PRiSM PLUS,DX,EXPERT,12+,96.51%,AAA,-,-,0,81.10%,1538/1896,12.6
インターネットサバイバー,東方Project,FESTiVAL PLUS,DX,EXPERT,11,100.53%,SSS+,-,-,1,89.90%,1399/1557,11
マツヨイナイトバグ,東方Project,UNiVERSE,DX,EXPERT,10+,99.68%,SS+,-,SYNC,1,88.20%,1648/1869,10.7
幻想に咲いた花,東方Project,UNiVERSE,DX,EXPERT,9+,93.26%,AA,-,-,0,80.90%,1170/1446,9.7
有頂天ドリーマーズ,東方Project,CiRCLE,DX,EXPERT,10+,100.53%,SSS+,FC,-,1,88.30%,1182/1338,10.8
さよならヒストリー,東方Project,BUDDiES PLUS,DX,EXPERT,10,100.44%,SSS,FC,-,2,91.90%,1552/1689,10.5
三妖精SAY YA!!!,東方Project,UNiVERSE PLUS,DX,EXPERT,10,100.32%,SSS,-,-,3,93.20%,1378/1479,10
響け！CHIREI MY WAY!,東方Project,UNiVERSE,DX,EXPERT,9,100.15%,SSS,FC,-,0,84.60%,1056/1248,9.5
全力ハッピーライフ,東方Project,でらっくす PLUS,DX,EXPERT,10,100.51%,SSS+,FC+,-,2,91.80%,1749/1905,10.2
Idoratrize World,東方Project,PRiSM PLUS,DX,EXPERT,10,99.13%,SS,-,SYNC,1,85.80%,1351/1575,10.5
Ultimate taste,東方Project,PRiSM,DX,EXPERT,11,99.97%,SS+,FC,SYNC,1,86.70%,1547/1785,11
Re:Unknown X,東方Project,BUDDiES PLUS,DX,EXPERT,12,98.44%,S+,-,SYNC,0,82.50%,1606/1947,12.5
恋の氷結おてんば湯けむりチルノ温泉,東方Project,CiRCLE,DX,EXPERT,10+,98.80%,S+,-,-,1,86.80%,950/1095,10.7
月に叢雲華に風,東方Project,PiNK PLUS,STD,EXPERT,10,99.92%,SS+,FC,SYNC,0,83.50%,877/1050,10
つるぺったん,東方Project,FESTiVAL PLUS,DX,EXPERT,10,99.18%,SS,-,-,0,81.80%,1254/1533,10
ケロ⑨destiny,東方Project,FESTiVAL,DX,EXPERT,10,99.27%,SS,-,-,0,84.30%,1087/1290,10.2
蒼空に舞え、墨染の桜,東方Project,PiNK,STD,EXPERT,11,100.39%,SSS,FC,SYNC,2,90.10%,1397/1551,11
Bad Apple!! feat.nomico,東方Project,GreeN,STD,EXPERT,10+,99.40%,SS,-,-,0,83.20%,1118/1344,10.6
Witches night,東方Project,でらっくす PLUS,DX,EXPERT,9,98.59%,S+,-,-,0,83.10%,1107/1332,9
RE Aoharu,GAME＆VARIETY,CiRCLE PLUS,DX,EXPERT,10+,100.89%,SSS+,FC,-,1,89.80%,1446/1611,10.7
Usagi Flap,GAME＆VARIETY,CiRCLE PLUS,DX,EXPERT,10,100.89%,SSS+,FC,-,3,93.10%,1192/1281,10.5
Operation☆DOTABATA!,GAME＆VARIETY,CiRCLE PLUS,DX,EXPERT,11,100.78%,SSS+,FC+,-,2,91.40%,1174/1284,11
Unwelcome School,GAME＆VARIETY,CiRCLE,DX,EXPERT,10+,100.91%,SSS+,FC,-,2,92.70%,1332/1437,10.7
Hurtling Boys,GAME＆VARIETY,CiRCLE,DX,EXPERT,12+,97.97%,S,FC,SYNC,0,80.50%,1471/1827,12.8
Restricted Access,GAME＆VARIETY,CiRCLE,DX,EXPERT,11,100.69%,SSS+,FC,SYNC,2,91.30%,1465/1605,11.5
胡蝶乃舞,GAME＆VARIETY,CiRCLE,DX,EXPERT,11+,100.59%,SSS+,FC+,-,1,88.80%,1402/1578,11.7
零號車輛,GAME＆VARIETY,CiRCLE,DX,EXPERT,12+,98.51%,S+,-,SYNC,0,84.50%,1663/1968,12.8
Destined Marionette,GAME＆VARIETY,PRiSM PLUS,DX,EXPERT,12,98.90%,S+,-,SYNC,0,84.60%,1579/1866,12.5
Overjoy ★ OVERDOSE!!,GAME＆VARIETY,PRiSM PLUS,DX,EXPERT,11,98.63%,S+,-,-,1,87.60%,1496/1707,11
NightTheater,GAME＆VARIETY,FESTiVAL,DX,EXPERT,11+,97.61%,S,-,SYNC,0,80.00%,1298/1623,11.8
Chronomia,GAME＆VARIETY,PRiSM,DX,EXPERT,12,99.70%,SS+,FC,SYNC,1,88.30%,1701/1926,12.5
Luminaria,GAME＆VARIETY,FESTiVAL,DX,EXPERT,12,100.13%,SSS,FC,SYNC,1,87.80%,1820/2073,12.2
HYP3RTRIBE,GAME＆VARIETY,PRiSM,DX,EXPERT,11+,98.94%,S+,-,SYNC,1,85.10%,1553/1824,11.7
MYTH Re：LEASE,GAME＆VARIETY,PRiSM PLUS,DX,EXPERT,12+,94.59%,AAA,-,-,0,81.30%,1858/2286,12.9
How To Make 音ゲ～曲！,GAME＆VARIETY,PRiSM,DX,EXPERT,12,98.38%,S+,-,SYNC,1,86.80%,1690/1947,12
お願い！コンコンお稲荷さま,GAME＆VARIETY,PRiSM,DX,EXPERT,10,98.85%,S+,-,-,1,86.50%,1267/1464,10.5
いっぱい食べる君が好きだよ,GAME＆VARIETY,PRiSM,DX,EXPERT,10+,100.67%,SSS+,FC+,-,1,89.10%,1655/1857,10.8
ピポピポ -People People- feat. ななひら,GAME＆VARIETY,PRiSM,DX,EXPERT,11,100.55%,SSS+,FC+,SYNC,2,90.20%,1740/1929,11.2
NO ONE YES MAN,GAME＆VARIETY,PRiSM PLUS,DX,EXPERT,12,100.25%,SSS,FC,FS+,1,89.10%,1393/1563,12
Leave All Behind,GAME＆VARIETY,PRiSM PLUS,DX,EXPERT,11,100.80%,SSS+,FC+,SYNC,2,92.90%,1207/1299,11.2
Retribution ～ Cycle of Redemption ～,GAME＆VARIETY,PRiSM PLUS,DX,EXPERT,13,97.37%,S,-,-,0,81.50%,1960/2406,13
Luminescence,GAME＆VARIETY,PRiSM PLUS,DX,EXPERT,11,99.52%,SS+,-,SYNC,2,90.10%,1562/1734,11.2
ouroboros -twin stroke of the end-,GAME＆VARIETY,BUDDiES PLUS,DX,EXPERT,12,99.08%,SS,FC,SYNC,1,85.90%,1848/2151,12.5
OMAKENO Stroke,GAME＆VARIETY,BUDDiES,DX,EXPERT,11+,100.30%,SSS,FC,SYNC,1,87.00%,1243/1428,11.9
FUJIN Rumble,GAME＆VARIETY,ORANGE,STD,EXPERT,11+,96.55%,AAA,-,SYNC,0,79.60%,1216/1527,11.9
DANGEROOOOUS JUNGLE,GAME＆VARIETY,BUDDiES,DX,EXPERT,11+,100.35%,SSS,FC,SYNC,1,88.20%,1463/1659,11.8
僕の和風本当上手,GAME＆VARIETY,FESTiVAL PLUS,DX,EXPERT,12,97.94%,S,-,SYNC,0,84.10%,1640/1950,12
Cthugha,GAME＆VARIETY,FESTiVAL PLUS,DX,EXPERT,12,100.51%,SSS+,FC+,SYNC,2,90.30%,2055/2277,12.5
迷える音色は恋の唄,GAME＆VARIETY,PRiSM,DX,EXPERT,10+,95.94%,AAA,-,-,0,75.90%,1196/1575,10.8
Löschen,GAME＆VARIETY,PRiSM,DX,EXPERT,11,99.41%,SS,FC,FS+,1,86.20%,1433/1662,11.2
Abstruse Dilemma,GAME＆VARIETY,PRiSM,DX,EXPERT,12,99.50%,SS,FC,SYNC,0,84.20%,1639/1947,12.4
最強STRONGER,GAME＆VARIETY,FESTiVAL,DX,EXPERT,12+,94.33%,AAA,-,SYNC,0,73.80%,1748/2367,12.8
Lost Desire,GAME＆VARIETY,FESTiVAL,DX,EXPERT,11+,100.47%,SSS,FC,SYNC,2,90.70%,1562/1722,11.7
ULTRA SYNERGY MATRIX,GAME＆VARIETY,FESTiVAL PLUS,DX,EXPERT,12,99.81%,SS+,FC,SYNC,1,86.70%,1350/1557,12
ENERGY SYNERGY MATRIX,GAME＆VARIETY,でらっくす,DX,EXPERT,11,99.08%,SS,-,SYNC,1,85.90%,1574/1833,11.4
ENERGY SYNERGY MATRIX,GAME＆VARIETY,MiLK PLUS,STD,EXPERT,13,98.89%,S+,-,SYNC,0,84.60%,1686/1992,13
竹,GAME＆VARIETY,UNiVERSE,DX,EXPERT,12,98.70%,S+,-,SYNC,1,86.00%,1546/1797,12
れっつ！みらくる☆はーどこあっ！,GAME＆VARIETY,FESTiVAL,DX,EXPERT,11+,100.58%,SSS+,FC,SYNC,2,91.30%,1712/1875,11.8
Sound Chimera,GAME＆VARIETY,Splash PLUS,DX,EXPERT,12,91.84%,AA,-,SYNC,0,71.10%,1567/2205,12.5
Grievous Lady,GAME＆VARIETY,Splash,DX,EXPERT,12,99.22%,SS,-,SYNC,1,86.70%,1852/2136,12
FREEDOM DiVE (tpz Overcute Remix),GAME＆VARIETY,MiLK PLUS,STD,EXPERT,12+,100.18%,SSS,-,SYNC,1,86.90%,1828/2103,12.8
はげしこの夜 -Psylent Crazy Night-,GAME＆VARIETY,PRiSM,DX,EXPERT,11+,98.76%,S+,-,SYNC,1,85.40%,1483/1737,11.7
MEGATON KICK,GAME＆VARIETY,Splash PLUS,DX,EXPERT,11+,96.79%,AAA,-,SYNC,0,83.30%,1704/2046,11.8
BATTLE NO.1,GAME＆VARIETY,Splash,DX,EXPERT,12,94.99%,AAA,-,SYNC,0,81.40%,1821/2238,12.2
Halcyon,GAME＆VARIETY,でらっくす,DX,EXPERT,11,99.77%,SS+,-,SYNC,1,89.10%,1695/1902,11.4
Altale,GAME＆VARIETY,FiNALE,STD,EXPERT,12,98.59%,S+,-,SYNC,0,82.10%,990/1206,12.4
コンティニュー！ feat. 藍月なくる,GAME＆VARIETY,FESTiVAL PLUS,DX,EXPERT,10+,100.83%,SSS+,FC+,SYNC,2,91.60%,1519/1659,10.7
Rush-Hour,GAME＆VARIETY,BUDDiES,DX,EXPERT,12,99.63%,SS+,-,SYNC,1,87.10%,1545/1773,12.5
enchanted love,GAME＆VARIETY,UNiVERSE PLUS,DX,EXPERT,11+,97.04%,S,-,SYNC,0,81.00%,909/1122,11.8
Caterpillar Song,GAME＆VARIETY,UNiVERSE PLUS,DX,EXPERT,12,96.33%,AAA,-,SYNC,0,74.80%,754/1008,12
Southern Cross,GAME＆VARIETY,UNiVERSE,DX,EXPERT,10+,100.76%,SSS+,FC,SYNC,2,91.00%,1602/1761,10.7
Brain Power,GAME＆VARIETY,MiLK PLUS,STD,EXPERT,11+,97.60%,S,FC,-,0,81.00%,1110/1371,11.8
CO5M1C R4ILR0AD,GAME＆VARIETY,Splash PLUS,DX,EXPERT,11+,100.12%,SSS,-,SYNC,2,91.40%,1626/1779,11.8
Re：End of a Dream,GAME＆VARIETY,Splash PLUS,DX,EXPERT,12,97.50%,S,-,SYNC,0,82.50%,1557/1887,12
Arty Party,GAME＆VARIETY,Splash,DX,EXPERT,11+,99.91%,SS+,-,SYNC,2,90.30%,1414/1566,11.8
c.s.q.n.,GAME＆VARIETY,Splash,DX,EXPERT,11,97.25%,S,-,SYNC,0,81.60%,1241/1521,11.2
energy trixxx,GAME＆VARIETY,でらっくす PLUS,DX,EXPERT,11,99.77%,SS+,FC,SYNC,1,87.60%,1535/1752,11
L4TS:2018 (feat. あひる & KTA),GAME＆VARIETY,FiNALE,STD,EXPERT,11+,97.83%,S,-,-,0,78.50%,989/1260,11.9
魔法少女になるしかねぇ,GAME＆VARIETY,FiNALE,STD,EXPERT,12,97.52%,S,-,SYNC,0,83.00%,1337/1611,12.4
源平大戦絵巻テーマソング,GAME＆VARIETY,maimai,STD,EXPERT,10+,98.08%,S+,-,SYNC,0,80.50%,908/1128,10.7
In Chaos,GAME＆VARIETY,maimai,STD,EXPERT,9+,93.76%,AA,-,SYNC,0,67.50%,660/978,9.7
Outlaw's Lullaby,GAME＆VARIETY,GreeN PLUS,STD,EXPERT,10+,100.34%,SSS,FC+,SYNC,0,84.70%,1001/1182,10.7
CiRCLE CAMPAiGN,maimai,CiRCLE,DX,EXPERT,11,100.79%,SSS+,FC+,-,2,91.10%,1691/1857,11
分解収束テイル,maimai,FESTiVAL,DX,EXPERT,11,100.21%,SSS,FC,SYNC,1,87.50%,1757/2007,11
分からない,maimai,MURASAKi,STD,EXPERT,11+,97.63%,S,-,SYNC,0,79.80%,1231/1542,11.7
殿ッ！？ご乱心！？,maimai,CiRCLE,DX,EXPERT,12+,96.32%,AAA,-,SYNC,0,76.90%,1460/1899,12.7
YKWTD,maimai,PRiSM,DX,EXPERT,11,98.64%,S+,-,SYNC,0,84.60%,1323/1563,11
184億回のマルチトニック,maimai,PRiSM,DX,EXPERT,11+,98.87%,S+,FC,SYNC,0,83.70%,1653/1974,11.7
エスオーエス,maimai,BUDDiES PLUS,DX,EXPERT,10+,99.60%,SS+,-,SYNC,0,83.60%,1749/2091,10.9
チエルカ／エソテリカ,maimai,Splash PLUS,DX,EXPERT,12,97.18%,S,-,SYNC,0,77.60%,1724/2223,12.5
星空パーティーチューン,maimai,UNiVERSE PLUS,DX,EXPERT,11,100.36%,SSS,FC+,SYNC,1,89.30%,1655/1854,11.5
ミルキースター・シューティングスター,maimai,UNiVERSE PLUS,DX,EXPERT,10+,99.62%,SS+,-,-,1,88.50%,1678/1896,10.7
プリズム△▽リズム,maimai,PRiSM,DX,EXPERT,10,100.35%,SSS,FC,SYNC,2,90.10%,1325/1470,10
ウタヒメナイトストーム,maimai,PRiSM PLUS,DX,EXPERT,11,99.65%,SS+,FC,SYNC,1,88.90%,1472/1656,11.5
Ourania,maimai,PRiSM,DX,EXPERT,10+,100.29%,SSS,FC,-,1,88.80%,1217/1371,10.8
RE:INCARNATED DRAGNER,maimai,BUDDiES PLUS,DX,EXPERT,11+,100.21%,SSS,FC,SYNC,1,87.70%,1825/2082,11.8
Beginning together!,maimai,BUDDiES PLUS,DX,EXPERT,10+,98.24%,S+,FC,-,0,80.80%,1144/1416,10.7
Shining Ray ～僕らの絆～,maimai,BUDDiES PLUS,DX,EXPERT,10,98.20%,S+,-,-,0,83.10%,1332/1602,10.5
DEVOTION,maimai,BUDDiES PLUS,DX,EXPERT,11+,98.80%,S+,-,SYNC,0,81.90%,1524/1860,11.7
ツムギボシ,maimai,FESTiVAL PLUS,DX,EXPERT,11+,100.77%,SSS+,FC+,SYNC,2,91.40%,1717/1878,11.9
Rainbow Rush Story,maimai,FESTiVAL,DX,EXPERT,10,100.89%,SSS+,FC+,-,3,94.40%,1342/1422,10.5
群青シグナル,maimai,FESTiVAL,DX,EXPERT,11+,100.67%,SSS+,FC,SYNC,1,89.40%,1749/1956,11.7
ホシシズク,maimai,FESTiVAL,DX,EXPERT,10,100.88%,SSS+,FC,SYNC,3,93.40%,1868/2001,10.5
前衛的Landscape,maimai,UNiVERSE,DX,EXPERT,11,99.84%,SS+,-,SYNC,1,88.10%,1203/1365,11.4
トリアージ,maimai,UNiVERSE,DX,EXPERT,10,98.41%,S+,-,-,0,83.50%,1150/1377,10
とびだせ！TO THE COSMIC!!,maimai,UNiVERSE,DX,EXPERT,12,96.40%,AAA,-,-,0,82.80%,1814/2190,12.5
生命不詳,maimai,Splash PLUS,DX,EXPERT,11+,98.25%,S+,FC,SYNC,0,83.60%,1495/1788,11.7
ぼくたちいつでも　しゅわっしゅわ！,maimai,Splash,DX,EXPERT,11,98.83%,S+,-,SYNC,0,84.90%,1408/1659,11.3
超常マイマイン,maimai,でらっくす,DX,EXPERT,10,99.19%,SS,-,-,1,86.80%,1687/1944,10.3
でらっくmaimai♪てんてこまい!,maimai,でらっくす,DX,EXPERT,10,99.20%,SS,-,-,1,86.50%,1525/1764,10.3
OTOGEMA,maimai,UNiVERSE,DX,EXPERT,10+,99.06%,SS,FC,SYNC,1,87.50%,1412/1614,10.7
KING is BACK!!,maimai,MURASAKi PLUS,STD,EXPERT,11+,100.26%,SSS,FC,-,1,86.90%,1366/1572,11.9
FEEL ALIVE,maimai,maimai PLUS,STD,EXPERT,12,90.70%,AA,-,SYNC,0,67.80%,671/990,12.1
welcome to maimai!! with マイマイマー,maimai,ORANGE PLUS,STD,EXPERT,9+,95.87%,AAA,-,-,0,76.00%,1090/1434,9.9
一か罰,maimai,でらっくす,DX,EXPERT,11,98.59%,S+,-,SYNC,1,87.00%,1796/2064,11.4
SPILL OVER COLORS,maimai,MiLK,STD,EXPERT,11+,99.19%,SS,-,-,0,82.90%,1201/1449,11.8
Selector,maimai,MURASAKi,STD,EXPERT,11+,98.20%,S+,-,-,0,83.70%,1200/1434,11.9
Starlight Disco,maimai,UNiVERSE PLUS,DX,EXPERT,11+,99.95%,SS+,FC,-,1,88.10%,830/942,11.9
Starlight Disco,maimai,maimai PLUS,STD,EXPERT,11+,97.86%,S,-,-,0,80.10%,553/690,11.9
ナミダと流星,maimai,BUDDiES,DX,EXPERT,11,99.37%,SS,FC,SYNC,0,84.60%,1256/1485,11
ネコ日和。,maimai,maimai,STD,EXPERT,8+,100.82%,SSS+,FC+,-,2,91.60%,772/843,8.8
犬日和。,maimai,maimai PLUS,STD,EXPERT,10,97.17%,S,-,-,0,81.90%,828/1011,10
炎歌 -ほむらうた-,maimai,BUDDiES PLUS,DX,EXPERT,9+,81.31%,A,-,SYNC,0,64.80%,659/1017,9.8
Fraq,maimai,PRiSM PLUS,DX,EXPERT,12,100.29%,SSS,-,SYNC,1,88.70%,1801/2031,12.2
Valsqotch,maimai,でらっくす PLUS,DX,EXPERT,13,94.37%,AAA,-,SYNC,0,76.20%,1951/2559,13
P-qoq,maimai,でらっくす,DX,EXPERT,10,97.04%,S,-,SYNC,0,82.10%,1202/1464,10.5
Magical Paradox,maimai,CiRCLE,DX,EXPERT,11+,98.14%,S+,-,-,1,85.80%,1509/1758,11.7
Feel The Luv,maimai,PRiSM PLUS,DX,EXPERT,11,99.10%,SS,-,SYNC,1,85.60%,1525/1782,11.2
Flashback,maimai,PRiSM,DX,EXPERT,11,97.16%,S,-,-,0,83.40%,1289/1545,11.5
Colorfull:Encounter,maimai,PRiSM,DX,EXPERT,11+,98.08%,S+,-,-,0,80.20%,1265/1578,11.7
TEmPTaTiON,maimai,でらっくす,DX,EXPERT,12+,95.30%,AAA,-,SYNC,0,72.30%,1443/1995,12.6
QZKago Requiem,maimai,FiNALE,STD,EXPERT,13,95.32%,AAA,-,SYNC,0,73.70%,1616/2193,13
Oshama Scramble!,maimai,ORANGE PLUS,STD,EXPERT,11+,98.21%,S+,-,-,0,84.00%,1497/1782,11.9
Tricolor⁂circuS,maimai,FESTiVAL,DX,EXPERT,10+,100.71%,SSS+,FC,SYNC,3,93.10%,1358/1458,10.7
天蓋,maimai,PRiSM,DX,EXPERT,11,99.39%,SS,-,SYNC,1,86.00%,1208/1404,11.3
Deicide,maimai,PRiSM,DX,EXPERT,12,98.19%,S+,-,SYNC,0,82.10%,1362/1659,12
Edelweiss,maimai,BUDDiES PLUS,DX,EXPERT,11+,98.82%,S+,-,SYNC,0,83.20%,1375/1653,11.8
Ether Second,maimai,BUDDiES,DX,EXPERT,11+,98.38%,S+,-,SYNC,0,82.00%,1276/1557,11.8
Straight into the lights,maimai,BUDDiES,DX,EXPERT,12,94.80%,AAA,-,SYNC,0,76.40%,1196/1566,12.5
The Great Banquet,maimai,BUDDiES,DX,EXPERT,11,98.10%,S+,-,SYNC,1,87.50%,1359/1554,11.5
Swift Swing,maimai,UNiVERSE PLUS,DX,EXPERT,12,98.15%,S+,-,-,1,85.30%,1471/1725,12.5
Horoscope Express,maimai,BUDDiES,DX,EXPERT,11,98.93%,S+,FC,SYNC,1,85.50%,1434/1677,11.5
Party☆People☆Princess,maimai,BUDDiES,DX,EXPERT,11+,100.87%,SSS+,FC+,SYNC,2,91.50%,1612/1761,11.9
渦状銀河のシンフォニエッタ,maimai,でらっくす PLUS,DX,EXPERT,11+,94.89%,AAA,-,SYNC,0,70.60%,1182/1674,11.8
Beat Opera op.1,maimai,FESTiVAL,DX,EXPERT,10+,98.74%,S+,-,SYNC,0,82.60%,1239/1500,10.8
VIIIbit Explorer,maimai,Splash PLUS,DX,EXPERT,13,90.82%,AA,-,SYNC,0,73.70%,1823/2475,13
VIIIbit Explorer,maimai,FESTiVAL,STD,EXPERT,12+,96.37%,AAA,-,SYNC,0,78.50%,1545/1968,12.9
You Mean the World to Me,maimai,FESTiVAL,DX,EXPERT,11,98.33%,S+,-,-,1,86.70%,1361/1569,11.5
411Ψ892,maimai,FESTiVAL,DX,EXPERT,12+,99.08%,SS,-,SYNC,0,82.80%,1568/1893,12.7
星見草,maimai,FESTiVAL,DX,EXPERT,11,99.02%,SS,-,-,0,84.50%,1318/1560,11
"False Amber (from the Black Bazaar, Or by A Kervan Trader from the Lands Afar, Or Buried Beneath the Shifting Sands That Lead Everywhere but Nowhere)",maimai,PRiSM PLUS,DX,EXPERT,13,90.59%,AA,-,SYNC,0,68.60%,1662/2424,13.2
Cryptarithm,maimai,PRiSM,DX,EXPERT,13,96.17%,AAA,-,SYNC,0,77.80%,1640/2109,13
7thSense,maimai,PiNK,STD,EXPERT,11+,98.91%,S+,FC,FS+,0,81.60%,1334/1635,11.8
Yorugao,maimai,UNiVERSE,DX,EXPERT,12,92.21%,AA,-,SYNC,0,70.20%,1281/1824,12.2
BREaK! BREaK! BREaK!,maimai,Splash,DX,EXPERT,12+,95.56%,AAA,-,SYNC,0,76.90%,1688/2196,12.8
Raven Emperor,maimai,UNiVERSE,DX,EXPERT,12,95.82%,AAA,-,SYNC,0,80.10%,1478/1845,12
華の集落、秋のお届け,maimai,BUDDiES PLUS,STD,EXPERT,12,98.12%,S+,FC,SYNC,0,80.80%,1481/1833,12.5
NAGAREBOSHI☆ROCKET,maimai,UNiVERSE,DX,EXPERT,12,98.34%,S+,-,SYNC,1,86.00%,1426/1659,12
Starry Colors,maimai,Splash PLUS,DX,EXPERT,11,97.92%,S,-,SYNC,0,81.60%,1275/1563,11
ワンダーシャッフェンの法則,maimai,Splash,DX,EXPERT,10+,99.41%,SS,-,SYNC,1,88.50%,1129/1275,10.7
UniTas,maimai,でらっくす PLUS,DX,EXPERT,11+,96.74%,AAA,-,SYNC,0,79.80%,1825/2286,11.8
MYTHOS,maimai,GreeN PLUS,STD,EXPERT,12,95.80%,AAA,-,SYNC,0,74.60%,1034/1386,12.2
MAXRAGE,maimai,でらっくす,DX,EXPERT,11,96.14%,AAA,-,SYNC,0,82.20%,1659/2019,11.4
ATLAS RUSH,maimai,PRiSM PLUS,DX,EXPERT,12+,97.85%,S,-,SYNC,0,80.30%,1427/1776,12.6
Mare Maris,maimai,MiLK,STD,EXPERT,12,99.45%,SS,-,SYNC,1,86.40%,1438/1665,12.5
Fragrance,maimai,maimai PLUS,STD,EXPERT,12+,86.69%,A,-,SYNC,0,58.40%,515/882,12.7
高気圧ねこロック,maimai,PiNK PLUS,STD,EXPERT,11+,98.97%,S+,-,-,0,82.90%,1488/1794,11.7
VERTeX,maimai,ORANGE,STD,EXPERT,11+,94.48%,AAA,-,SYNC,0,71.70%,1133/1581,11.9
ViRTUS,maimai,FESTiVAL,DX,EXPERT,13,88.97%,A,-,SYNC,0,69.40%,1484/2139,13.2
U&iVERSE -銀河鸞翔-,maimai,UNiVERSE,DX,EXPERT,12,96.79%,AAA,-,-,0,80.70%,1733/2148,12.1
ここからはじまるプロローグ。 (Kanon Remix),maimai,FESTiVAL PLUS,DX,EXPERT,11+,100.56%,SSS+,FC,SYNC,2,91.70%,1631/1779,11.8
モ°ルモ°ル (MZK Skippin' Remix),maimai,FESTiVAL PLUS,DX,EXPERT,10+,99.39%,SS,-,SYNC,1,87.60%,1122/1281,10.9
果ての空、僕らが見た光。,maimai,PRiSM,DX,EXPERT,10+,98.13%,S+,-,SYNC,1,87.80%,1315/1497,10.8
有明/Ariake,maimai,PRiSM,DX,EXPERT,12,94.44%,AAA,-,SYNC,0,76.40%,1343/1758,12.4
Åntinomiε,maimai,PRiSM PLUS,DX,EXPERT,12+,95.74%,AAA,-,SYNC,0,77.70%,1603/2064,12.8
Xaleid◆scopiX,maimai,PRiSM PLUS,DX,EXPERT,13+,95.25%,AAA,-,SYNC,0,73.30%,2986/4071,13.7
いちげき！のテーマ,オンゲキ＆CHUNITHM,PRiSM,DX,EXPERT,10+,100.77%,SSS+,FC,SYNC,2,91.70%,1753/1911,10.7
Transcend Lights,オンゲキ＆CHUNITHM,UNiVERSE PLUS,DX,EXPERT,11,100.04%,SSS,-,SYNC,1,85.70%,941/1098,11.5
撩乱乙女†無双劇,オンゲキ＆CHUNITHM,UNiVERSE PLUS,DX,EXPERT,11+,98.29%,S+,-,-,1,88.30%,1842/2085,11.7
最っ高のエンタメだ!!,オンゲキ＆CHUNITHM,BUDDiES PLUS,DX,EXPERT,11,99.85%,SS+,FC,-,1,87.30%,1719/1968,11.2
Y.Y.Y.計画!!!!,オンゲキ＆CHUNITHM,FESTiVAL PLUS,DX,EXPERT,10+,97.73%,S,-,-,1,86.30%,1620/1878,10.7
ぱくぱく☆がーる,オンゲキ＆CHUNITHM,UNiVERSE,DX,EXPERT,10,100.55%,SSS+,FC,-,2,92.70%,1736/1872,10.2
トリドリ⇒モリモリ！Lovely fruits☆,オンゲキ＆CHUNITHM,Splash,DX,EXPERT,10+,100.62%,SSS+,FC+,-,1,89.60%,1654/1845,10.7
Zitronectar,オンゲキ＆CHUNITHM,PRiSM PLUS,DX,EXPERT,12,98.76%,S+,-,SYNC,1,85.20%,1396/1638,12
Radiance,オンゲキ＆CHUNITHM,PRiSM,DX,EXPERT,10+,99.86%,SS+,FC,SYNC,1,86.60%,1335/1542,10.9
R'N'R Monsta,オンゲキ＆CHUNITHM,PRiSM,DX,EXPERT,12,98.83%,S+,-,SYNC,1,86.90%,1522/1752,12
美夜月鏡,オンゲキ＆CHUNITHM,PRiSM,DX,EXPERT,12,98.41%,S+,-,SYNC,0,81.90%,1389/1695,12.2
MarbleBlue.,オンゲキ＆CHUNITHM,BUDDiES PLUS,DX,EXPERT,12+,95.10%,AAA,-,SYNC,0,75.80%,1553/2049,12.9
Last Kingdom,オンゲキ＆CHUNITHM,FESTiVAL PLUS,DX,EXPERT,12,99.49%,SS,-,SYNC,1,88.80%,1684/1896,12.5
Titania,オンゲキ＆CHUNITHM,でらっくす,DX,EXPERT,12,95.64%,AAA,-,-,0,77.10%,1642/2130,12.5
See The Light,オンゲキ＆CHUNITHM,UNiVERSE PLUS,DX,EXPERT,11,99.94%,SS+,FC,FS+,2,90.10%,1379/1530,11.5
エータ・ベータ・イータ,オンゲキ＆CHUNITHM,UNiVERSE PLUS,DX,EXPERT,12,97.09%,S,-,-,0,82.80%,1624/1962,12.4
"Good bye, Merry-Go-Round.",オンゲキ＆CHUNITHM,UNiVERSE PLUS,DX,EXPERT,12,98.75%,S+,-,SYNC,0,81.60%,1523/1866,12.5
SUPER AMBULANCE,オンゲキ＆CHUNITHM,FESTiVAL,DX,EXPERT,12,99.64%,SS+,-,SYNC,2,91.00%,1770/1944,12
Don't Fight The Music,オンゲキ＆CHUNITHM,FESTiVAL,DX,EXPERT,12+,92.86%,AA,-,SYNC,0,74.20%,1672/2253,12.8
無敵We are one!!,オンゲキ＆CHUNITHM,PiNK PLUS,STD,EXPERT,10,100.62%,SSS+,FC+,SYNC,1,89.60%,1463/1632,10.1
Still,オンゲキ＆CHUNITHM,MiLK,STD,EXPERT,11,100.56%,SSS+,FC,SYNC,1,88.40%,1387/1569,11.2
Session High⤴,オンゲキ＆CHUNITHM,MiLK PLUS,STD,EXPERT,10+,99.88%,SS+,FC,-,1,87.80%,993/1131,10.6
crazy (about you),オンゲキ＆CHUNITHM,PRiSM PLUS,DX,EXPERT,10+,100.52%,SSS+,FC,SYNC,1,89.60%,1100/1227,10.8
サウンドプレイヤー,オンゲキ＆CHUNITHM,PRiSM PLUS,DX,EXPERT,10,100.57%,SSS+,FC,SYNC,1,87.80%,1367/1557,10
SPICY SWINGY STYLE,オンゲキ＆CHUNITHM,MiLK,STD,EXPERT,11+,100.27%,SSS,FC,-,1,85.80%,1307/1524,11.8
Bang Babang Bang!!!,オンゲキ＆CHUNITHM,MiLK,STD,EXPERT,11+,99.74%,SS+,-,SYNC,1,85.90%,1521/1770,11.6
イロトリドリのメロディ,オンゲキ＆CHUNITHM,FiNALE,STD,EXPERT,10+,98.43%,S+,-,-,0,82.80%,1008/1218,10.9
DETARAME ROCK&ROLL THEORY,オンゲキ＆CHUNITHM,MURASAKi,STD,EXPERT,11,99.41%,SS,FC,SYNC,0,81.80%,1519/1857,11
My Dearest Song,オンゲキ＆CHUNITHM,MURASAKi PLUS,STD,EXPERT,11+,97.61%,S,-,SYNC,1,85.10%,1212/1425,11.8
あねぺったん,オンゲキ＆CHUNITHM,MiLK PLUS,STD,EXPERT,10+,100.30%,SSS,-,-,2,92.20%,1485/1611,10.8
単一指向性オーバーブルーム,オンゲキ＆CHUNITHM,Splash PLUS,DX,EXPERT,10,92.15%,AA,-,SYNC,0,76.80%,1323/1722,10.2
みなえをチェック！,オンゲキ＆CHUNITHM,Splash PLUS,DX,EXPERT,10,100.72%,SSS+,FC,SYNC,2,90.60%,1400/1545,10
Drivessover,オンゲキ＆CHUNITHM,PRiSM PLUS,DX,EXPERT,12,98.21%,S+,-,SYNC,0,82.10%,1392/1695,12.2
Tidal Wave,オンゲキ＆CHUNITHM,PRiSM PLUS,DX,EXPERT,12,97.06%,S,-,SYNC,0,77.70%,1056/1359,12.3
Elemental Ethnic,オンゲキ＆CHUNITHM,PRiSM,DX,EXPERT,12+,98.36%,S+,-,SYNC,0,83.50%,1755/2103,12.7
MUSIC PЯAYER,オンゲキ＆CHUNITHM,BUDDiES PLUS,DX,EXPERT,10,94.04%,AAA,-,-,0,77.20%,1462/1893,10
コスモポップファンクラブ,オンゲキ＆CHUNITHM,UNiVERSE,DX,EXPERT,10+,100.59%,SSS+,-,SYNC,3,93.10%,1695/1821,10.7
folern,オンゲキ＆CHUNITHM,UNiVERSE PLUS,DX,EXPERT,12,97.61%,S,-,SYNC,0,84.20%,1684/2001,12.2
レーイレーイ,オンゲキ＆CHUNITHM,Splash,DX,EXPERT,10,97.48%,S,-,SYNC,0,82.70%,1555/1881,10.5
CHOCOLATE BOMB!!!!,オンゲキ＆CHUNITHM,でらっくす PLUS,DX,EXPERT,11+,97.60%,S,-,-,0,82.50%,1295/1569,11.9
はちみつアドベンチャー,オンゲキ＆CHUNITHM,でらっくす PLUS,DX,EXPERT,10,98.62%,S+,-,-,1,86.40%,1330/1539,10
Counselor,オンゲキ＆CHUNITHM,PiNK,STD,EXPERT,10+,100.45%,SSS,FC,-,1,88.10%,1290/1464,10.7
Invitation,オンゲキ＆CHUNITHM,PiNK PLUS,STD,EXPERT,9+,98.38%,S+,-,SYNC,0,78.90%,1345/1704,9.9
その群青が愛しかったようだった,オンゲキ＆CHUNITHM,MURASAKi,STD,EXPERT,11,98.87%,S+,-,-,0,74.90%,1362/1818,11
光線チューニング,オンゲキ＆CHUNITHM,MURASAKi PLUS,STD,EXPERT,11+,100.53%,SSS+,FC,-,2,90.50%,1675/1851,11.7
BOKUTO,オンゲキ＆CHUNITHM,でらっくす,DX,EXPERT,11,99.38%,SS,-,-,1,85.90%,1641/1911,11.2
愛♡スクリ～ム！,POPS＆ANIME,CiRCLE PLUS,DX,MASTER,11,100.10%,SSS,-,-,1,87.50%,1418/1620,11.5
アイドル,POPS＆ANIME,BUDDiES PLUS,DX,MASTER,11,98.88%,S+,-,SYNC,1,85.10%,1605/1887,11.5
はいよろこんで,POPS＆ANIME,PRiSM PLUS,DX,MASTER,11+,99.89%,SS+,-,-,1,90.00%,1752/1947,11.6
うい麦畑でつかまえて,POPS＆ANIME,CiRCLE,DX,MASTER,13,88.40%,A,-,-,0,72.00%,2093/2907,13.2
勝手に生きましょ,POPS＆ANIME,CiRCLE,DX,MASTER,13,94.91%,AAA,-,-,0,76.20%,1713/2247,13
ビビデバ,POPS＆ANIME,PRiSM PLUS,DX,MASTER,11+,99.71%,SS+,-,SYNC,1,87.40%,1751/2004,11.8
唱,POPS＆ANIME,PRiSM,DX,MASTER,11+,99.47%,SS,-,-,1,89.70%,1552/1731,11.8
踊,POPS＆ANIME,FESTiVAL,DX,MASTER,11,99.19%,SS,-,-,1,87.20%,1849/2121,11.5
だから僕は音楽を辞めた,POPS＆ANIME,でらっくす PLUS,DX,MASTER,12,99.20%,SS,-,SYNC,1,89.80%,1732/1929,12.5
廻廻奇譚,POPS＆ANIME,UNiVERSE,DX,MASTER,11+,98.51%,S+,-,-,0,81.60%,1766/2163,11.8
シカ色デイズ,POPS＆ANIME,PRiSM PLUS,DX,MASTER,12+,99.09%,SS,-,SYNC,1,89.20%,1325/1485,12.8
おとせサンダー,POPS＆ANIME,FESTiVAL PLUS,DX,MASTER,11,99.55%,SS+,-,SYNC,2,90.90%,1982/2181,11.5
はんぶんこ,POPS＆ANIME,FESTiVAL PLUS,DX,MASTER,12+,89.61%,A,-,-,0,73.50%,831/1131,12.9
さくゆいたいそう,POPS＆ANIME,BUDDiES,DX,MASTER,12+,99.25%,SS,-,-,1,86.30%,1763/2043,12.6
愛包ダンスホール,POPS＆ANIME,PRiSM,DX,MASTER,13,94.95%,AAA,-,-,0,79.20%,1993/2517,13.1
不機嫌なスリーカード,POPS＆ANIME,FESTiVAL PLUS,DX,MASTER,13,96.84%,AAA,-,-,0,80.00%,1341/1677,13
INTERNET YAMERO,POPS＆ANIME,BUDDiES PLUS,DX,MASTER,11+,100.18%,SSS,FC,SYNC,1,89.20%,1998/2241,11.9
INTERNET OVERDOSE,POPS＆ANIME,FESTiVAL,DX,MASTER,13,89.85%,A,-,-,0,76.20%,1878/2466,13.5
きゅびずむ,POPS＆ANIME,PRiSM PLUS,DX,MASTER,12+,98.62%,S+,-,SYNC,1,87.00%,1926/2214,12.9
"メイトなやつら（FEAT. 天開司, 佐藤ホームズ, あっくん大魔王 & 歌衣メイカ）",POPS＆ANIME,PRiSM,DX,MASTER,13,99.45%,SS,-,SYNC,1,89.70%,1875/2091,13
シリウスの輝きのように,POPS＆ANIME,PRiSM,DX,MASTER,12,100.42%,SSS,FC+,-,2,91.80%,1317/1434,12
プラネタリウム・レヴュー,POPS＆ANIME,PRiSM,DX,MASTER,11+,99.20%,SS,FC,-,1,85.90%,1000/1164,11.8
Burn My Soul,POPS＆ANIME,BUDDiES,DX,MASTER,12+,95.54%,AAA,-,-,0,77.40%,1875/2421,12.8
おジャ魔女カーニバル!!,POPS＆ANIME,Splash PLUS,DX,MASTER,12+,97.14%,S,-,SYNC,0,84.90%,1936/2280,12.8
ハム太郎とっとこうた,POPS＆ANIME,でらっくす PLUS,DX,MASTER,12,99.00%,S+,-,SYNC,1,89.90%,1216/1353,12
バラライカ,POPS＆ANIME,GreeN PLUS,STD,MASTER,12,98.80%,S+,-,-,0,80.50%,1159/1440,12
ネ！コ！,POPS＆ANIME,FiNALE,STD,MASTER,12+,95.28%,AAA,-,-,0,74.20%,1381/1860,12.9
ラブリー☆えんじぇる!!,POPS＆ANIME,PiNK,STD,MASTER,12,97.23%,S,-,-,0,78.10%,1174/1503,12.5
デビル☆アイドル,POPS＆ANIME,でらっくす,DX,MASTER,12+,97.51%,S,-,-,0,84.40%,1111/1317,12.7
POP STAR,POPS＆ANIME,GreeN PLUS,STD,MASTER,11,93.53%,AA,-,-,0,75.80%,1023/1350,11.4
Love You,POPS＆ANIME,maimai,STD,MASTER,11+,99.44%,SS,-,-,1,88.60%,526/594,11.7
true my heart -Lovable mix-,POPS＆ANIME,FiNALE,STD,MASTER,12,97.03%,S,-,-,0,79.50%,1135/1428,12.5
ミラクル・ショッピング,POPS＆ANIME,MiLK,STD,MASTER,12+,98.71%,S+,-,-,1,86.20%,1658/1923,12.7
きらっせ☆ウッド村ファーム,POPS＆ANIME,MURASAKi,STD,MASTER,12+,98.44%,S+,-,-,1,86.70%,1808/2085,12.7
タケモトピアノCMソング,POPS＆ANIME,Splash PLUS,DX,MASTER,12+,94.57%,AAA,-,-,0,81.60%,759/930,12.7
テトリス,niconico＆VOCALOID™,CiRCLE,DX,MASTER,12,100.83%,SSS+,FC,-,2,92.50%,2057/2223,12
メズマライザー,niconico＆VOCALOID™,PRiSM PLUS,DX,MASTER,11+,100.08%,SSS,-,SYNC,2,91.40%,1850/2025,11.9
オーバーライド,niconico＆VOCALOID™,PRiSM,DX,MASTER,13,96.60%,AAA,-,-,0,80.10%,2111/2637,13.4
フォニイ,niconico＆VOCALOID™,FESTiVAL,DX,MASTER,11,100.13%,SSS,-,-,2,91.10%,1699/1866,11.5
グッバイ宣言,niconico＆VOCALOID™,UNiVERSE,DX,MASTER,12+,96.61%,AAA,-,-,0,79.90%,1638/2049,12.8
サイエンス,niconico＆VOCALOID™,CiRCLE,DX,MASTER,13,100.34%,SSS,FC,SYNC,1,89.00%,2002/2250,13
バグ,niconico＆VOCALOID™,BUDDiES,DX,MASTER,11+,99.13%,SS,FC,SYNC,2,90.80%,1942/2139,11.8
群青讃歌,niconico＆VOCALOID™,FESTiVAL PLUS,DX,MASTER,12,99.66%,SS+,-,SYNC,2,90.00%,1040/1155,12.4
セカイ,niconico＆VOCALOID™,FESTiVAL PLUS,DX,MASTER,12+,96.04%,AAA,-,-,0,78.40%,1301/1659,12.8
にっこり^^調査隊のテーマ,niconico＆VOCALOID™,BUDDiES PLUS,DX,MASTER,12+,100.16%,SSS,FC,-,2,90.20%,1918/2127,12.7
アイディスマイル,niconico＆VOCALOID™,BUDDiES PLUS,DX,MASTER,12+,95.30%,AAA,-,-,0,80.70%,1235/1530,12.8
ジェットブラック,niconico＆VOCALOID™,CiRCLE,DX,MASTER,13,89.82%,A,-,-,0,69.30%,1680/2424,13.2
熱異常,niconico＆VOCALOID™,BUDDiES,DX,MASTER,12,98.13%,S+,-,SYNC,0,81.10%,1711/2109,12.1
デビルじゃないもん,niconico＆VOCALOID™,PRiSM,DX,MASTER,13,93.86%,AA,-,SYNC,0,76.70%,1777/2316,13
ラビットホール,niconico＆VOCALOID™,BUDDiES PLUS,DX,MASTER,11+,100.48%,SSS,FC,SYNC,2,91.70%,1961/2139,11.8
ヴァンパイア,niconico＆VOCALOID™,UNiVERSE PLUS,DX,MASTER,11+,99.44%,SS,-,-,1,88.10%,1673/1899,11.7
ヒバナ,niconico＆VOCALOID™,FiNALE,STD,MASTER,12,100.51%,SSS+,FC,SYNC,1,89.20%,1795/2013,12
妄想感傷代償連盟,niconico＆VOCALOID™,MiLK PLUS,STD,MASTER,11,99.81%,SS+,-,-,1,87.50%,1355/1548,11.4
MIRA,niconico＆VOCALOID™,PRiSM PLUS,DX,MASTER,12+,93.73%,AA,-,-,0,77.90%,1262/1620,12.9
酔いどれ知らず,niconico＆VOCALOID™,BUDDiES PLUS,DX,MASTER,11+,100.06%,SSS,-,SYNC,1,87.80%,1352/1539,11.6
ダーリンダンス,niconico＆VOCALOID™,PRiSM,DX,MASTER,11+,100.03%,SSS,-,SYNC,0,84.60%,1799/2127,11.8
神っぽいな,niconico＆VOCALOID™,FESTiVAL PLUS,DX,MASTER,11+,100.01%,SSS,FC,SYNC,1,89.00%,1298/1458,11.7
空回りライブラリ,niconico＆VOCALOID™,PRiSM PLUS,DX,MASTER,12+,100.12%,SSS,FC,SYNC,1,88.70%,1774/2001,12.8
好きな惣菜発表ドラゴン,niconico＆VOCALOID™,PRiSM PLUS,DX,MASTER,12,99.22%,SS,-,SYNC,1,86.30%,1268/1470,12.5
ゼロトーキング,niconico＆VOCALOID™,PRiSM PLUS,DX,MASTER,13,91.60%,AA,-,SYNC,0,75.40%,1534/2034,13.2
シャルル,niconico＆VOCALOID™,MiLK,STD,MASTER,12+,95.22%,AAA,-,SYNC,0,75.30%,1331/1767,12.9
回る空うさぎ,niconico＆VOCALOID™,FESTiVAL,DX,MASTER,12,99.09%,SS,-,-,0,80.90%,1277/1578,12
Alice in 冷凍庫,niconico＆VOCALOID™,Splash PLUS,DX,MASTER,12+,96.49%,AAA,-,-,0,81.40%,1570/1929,12.8
演劇,niconico＆VOCALOID™,PRiSM,DX,MASTER,12,97.47%,S,-,SYNC,0,83.50%,1471/1761,12.5
幽霊東京,niconico＆VOCALOID™,Splash PLUS,DX,MASTER,12,97.10%,S,-,SYNC,0,84.50%,1703/2016,12.5
少女レイ,niconico＆VOCALOID™,PRiSM PLUS,DX,MASTER,12+,98.36%,S+,-,SYNC,0,83.90%,1566/1866,12.9
ロキ,niconico＆VOCALOID™,FiNALE,STD,MASTER,11+,98.00%,S,-,-,0,82.50%,1806/2190,11.8
エイリアンエイリアン,niconico＆VOCALOID™,MURASAKi PLUS,STD,MASTER,12+,96.18%,AAA,-,SYNC,0,78.30%,1775/2268,12.8
METEOR,niconico＆VOCALOID™,でらっくす,DX,MASTER,12,96.48%,AAA,-,SYNC,0,83.10%,1357/1632,12.4
ラブチーノ,niconico＆VOCALOID™,MURASAKi PLUS,STD,MASTER,11+,96.37%,AAA,-,-,0,80.20%,1123/1401,11.9
だんだん早くなる,niconico＆VOCALOID™,MURASAKi,STD,MASTER,12,100.40%,SSS,FC,SYNC,1,89.30%,1478/1656,12
恋愛裁判,niconico＆VOCALOID™,PiNK PLUS,STD,MASTER,11+,99.84%,SS+,FC,-,0,84.80%,1607/1896,11.8
ロールプレイングゲーム,niconico＆VOCALOID™,FiNALE,STD,MASTER,12+,99.11%,SS,-,-,0,83.30%,1885/2262,12.6
ポッピンキャンディ☆フィーバー！,niconico＆VOCALOID™,UNiVERSE,DX,MASTER,12+,96.13%,AAA,-,-,1,86.40%,2260/2616,12.9
どぅーまいべすと！,niconico＆VOCALOID™,UNiVERSE,DX,MASTER,12,99.99%,SS+,-,SYNC,1,89.10%,1794/2013,12.4
スターリースカイ☆パレード,niconico＆VOCALOID™,でらっくす PLUS,DX,MASTER,12+,99.42%,SS,-,SYNC,1,86.20%,1954/2268,12.6
はやくそれになりたい！,niconico＆VOCALOID™,MiLK PLUS,STD,MASTER,11+,100.52%,SSS+,FC,-,2,90.00%,2063/2292,11.9
Tell Your World,niconico＆VOCALOID™,maimai PLUS,STD,MASTER,12,97.68%,S,-,SYNC,0,80.90%,932/1152,12.4
ナイトメア☆パーティーナイト,niconico＆VOCALOID™,FiNALE,STD,MASTER,11+,99.69%,SS+,-,-,1,87.00%,1808/2079,11.9
おねがいダーリン,niconico＆VOCALOID™,MiLK PLUS,STD,MASTER,12+,98.65%,S+,-,SYNC,0,83.70%,1730/2067,12.8
インターネットサバイバー,東方Project,FESTiVAL PLUS,DX,MASTER,13,92.03%,AA,-,-,0,73.30%,1679/2292,13.4
サドマミホリック,東方Project,MiLK PLUS,STD,MASTER,12,98.53%,S+,-,SYNC,0,82.80%,1890/2283,12.5
最終鬼畜妹フランドール・S,東方Project,FiNALE,STD,MASTER,12,99.15%,SS,-,-,1,85.80%,1715/1998,12.1
"Help me, ERINNNNNN!!（Band ver.）",東方Project,GreeN,STD,MASTER,12,97.05%,S,-,-,0,81.00%,1309/1617,12.5
クレイジークレイジーダンサーズ,東方Project,FiNALE,STD,MASTER,11+,99.10%,SS,-,-,0,83.80%,1523/1818,11.7
有頂天ドリーマーズ,東方Project,CiRCLE,DX,MASTER,13,92.22%,AA,-,-,0,73.10%,1415/1935,13.1
響け！CHIREI MY WAY!,東方Project,UNiVERSE,DX,MASTER,12+,95.04%,AAA,-,-,0,83.20%,1378/1656,12.7
全力ハッピーライフ,東方Project,でらっくす PLUS,DX,MASTER,12+,100.06%,SSS,FC,SYNC,1,88.80%,2162/2436,12.8
お嫁にしなさいっ！,東方Project,GreeN PLUS,STD,MASTER,12+,96.68%,AAA,-,-,0,77.90%,1248/1602,12.8
つるぺったん,東方Project,FESTiVAL PLUS,DX,MASTER,12,99.93%,SS+,-,-,1,90.00%,1798/1998,12.5
みんなの,東方Project,MiLK PLUS,STD,MASTER,12,97.56%,S,-,-,0,78.50%,1491/1899,12.5
Bad Apple!! feat.nomico,東方Project,GreeN,STD,MASTER,12,98.95%,S+,-,SYNC,1,86.30%,1527/1770,12.5
願いを呼ぶ季節,東方Project,PiNK,STD,MASTER,12,96.09%,AAA,-,-,0,78.20%,1048/1341,12.5
Witches night,東方Project,でらっくす PLUS,DX,MASTER,12+,93.82%,AA,-,-,0,76.30%,1600/2097,12.8
Operation☆DOTABATA!,GAME＆VARIETY,CiRCLE PLUS,DX,MASTER,13,88.53%,A,-,-,0,66.10%,1395/2112,13.4
Unwelcome School,GAME＆VARIETY,CiRCLE,DX,MASTER,12,99.19%,SS,-,SYNC,0,84.00%,1877/2235,12.2
彩りキャンバス,GAME＆VARIETY,CiRCLE,DX,MASTER,13,93.38%,AA,-,SYNC,0,77.80%,1088/1398,13
Southern Cross,GAME＆VARIETY,UNiVERSE,DX,MASTER,13,90.02%,AA,-,-,0,71.60%,2008/2805,13.2
檄！帝国華撃団(改),GAME＆VARIETY,maimai,STD,MASTER,10+,95.96%,AAA,-,-,0,78.60%,554/705,10.7
りばーぶ,maimai,PiNK,STD,MASTER,11,96.91%,AAA,-,-,0,81.40%,1148/1410,11.4
RIFFRAIN,maimai,FESTiVAL,DX,MASTER,13,90.38%,AA,-,SYNC,0,75.80%,1389/1833,13.2
ホシシズク,maimai,FESTiVAL,DX,MASTER,13,92.09%,AA,-,-,0,72.00%,1873/2601,13.1
超常マイマイン,maimai,でらっくす,DX,MASTER,12+,95.98%,AAA,-,-,0,81.00%,2396/2958,12.7
一か罰,maimai,でらっくす,DX,MASTER,12+,94.54%,AAA,-,SYNC,0,76.10%,1663/2184,12.8
Sweets×Sweets,maimai,maimai,STD,MASTER,11,96.53%,AAA,-,-,0,79.20%,920/1161,11.4
ネコ日和。,maimai,maimai,STD,MASTER,12+,99.27%,SS,FC,-,0,83.60%,868/1038,12.6
STARTLINER,オンゲキ＆CHUNITHM,でらっくす,DX,MASTER,11+,100.21%,SSS,FC,SYNC,1,90.00%,1406/1563,11.8
Jump!! Jump!! Jump!!,オンゲキ＆CHUNITHM,でらっくす,DX,MASTER,12,98.82%,S+,-,-,1,86.60%,1491/1722,12
最強 the サマータイム!!!!!,オンゲキ＆CHUNITHM,でらっくす PLUS,DX,MASTER,12+,97.37%,S,-,-,0,84.70%,1947/2298,12.7
STARRED HEART,オンゲキ＆CHUNITHM,FESTiVAL PLUS,DX,MASTER,12,98.33%,S+,-,SYNC,1,85.80%,1241/1446,12.5
Kiss Me Kiss,オンゲキ＆CHUNITHM,Splash PLUS,DX,MASTER,12+,94.07%,AAA,-,-,0,75.80%,1635/2157,12.8
Session High⤴,オンゲキ＆CHUNITHM,MiLK PLUS,STD,MASTER,12+,94.75%,AAA,-,-,0,76.20%,1226/1608,12.8
イロトリドリのメロディ,オンゲキ＆CHUNITHM,FiNALE,STD,MASTER,12+,94.80%,AAA,-,-,0,73.40%,1267/1725,12.7
みなえをチェック！,オンゲキ＆CHUNITHM,Splash PLUS,DX,MASTER,13,95.31%,AAA,-,-,0,79.20%,2230/2814,13
Agitation！,オンゲキ＆CHUNITHM,でらっくす,DX,MASTER,12,96.04%,AAA,-,-,0,73.20%,1461/1995,12
Counselor,オンゲキ＆CHUNITHM,PiNK,STD,MASTER,12,97.81%,S,-,SYNC,0,81.90%,1769/2160,12.4
