Name,Version,Difficulty,Level,Achievement,Play Count,Last Played
"躯樹の墓守","DX","basic","6","94.2324%",1,"2025/01/16 00:25"
"系ぎて","DX","basic","7","96.6252%",1,"2024/03/29 15:57"
"系ぎて","DX","advanced","10","94.0313%",1,"2025/05/27 17:51"
"廻廻奇譚","DX","advanced","7","97.6466%",1,"2024/07/03 15:38"
"廻廻奇譚","DX","expert","9+","93.9536%",1,"2025/04/12 00:19"
"廻廻奇譚","DX","master","11+","98.5108%",1,"2026/01/25 21:08"
"INTERNET YAMERO","DX","advanced","7+","96.3377%",1,"2024/08/19 18:12"
"INTERNET YAMERO","DX","expert","10+","99.6463%",2,"2025/06/20 20:17"
"INTERNET YAMERO","DX","master","11+","100.1801%",9,"2026/01/09 22:48"
"INTERNET OVERDOSE","DX","advanced","7","96.1104%",1,"2025/01/16 00:25"
"INTERNET OVERDOSE","DX","expert","10+","100.9714%",9,"2025/09/12 21:58"
"INTERNET OVERDOSE","DX","master","13","89.8548%",2,"2025/12/12 22:00"
"さくゆいたいそう","DX","advanced","6","99.2631%",1,"2025/02/22 00:02"
"さくゆいたいそう","DX","expert","9+","99.4591%",6,"2025/08/22 18:31"
"さくゆいたいそう","DX","master","12+","99.2479%",5,"2026/01/31 14:30"
"偉大なる悪魔は実は大天使パトラちゃん様なのだ！","DX","advanced","7+","98.4981%",1,"2025/01/09 15:36"
"偉大なる悪魔は実は大天使パトラちゃん様なのだ！","DX","expert","10+","100.6359%",2,"2025/08/29 17:01"
"過去を喰らう","DX","advanced","7","100.3911%",1,"2025/01/09 17:17"
"過去を喰らう","DX","expert","10","97.1234%",1,"2025/03/04 18:40"
"ミラクル・ショッピング","Standard","advanced","7","98.1506%",1,"2024/07/03 15:20"
"ミラクル・ショッピング","Standard","expert","10+","98.2551%",2,"2025/06/16 19:55"
"ミラクル・ショッピング","Standard","master","12+","98.7051%",6,"2026/01/02 16:13"
"インドア系ならトラックメイカー","DX","advanced","7+","100.8613%",1,"2025/06/16 20:05"
"インドア系ならトラックメイカー","DX","expert","10","100.9132%",7,"2025/09/08 17:10"
"グッバイ宣言","DX","advanced","7","97.7006%",1,"2024/03/29 15:57"
"グッバイ宣言","DX","expert","9+","93.7196%",2,"2025/03/27 18:00"
"グッバイ宣言","DX","master","12+","96.6076%",2,"2026/01/31 15:06"
"アニマル","DX","advanced","7+","100.3961%",1,"2024/08/19 19:36"
"アニマル","DX","expert","10+","100.7632%",2,"2025/10/17 22:44"
"ヒバナ","Standard","advanced","8","98.1287%",1,"2025/01/09 16:11"
"ヒバナ","Standard","expert","11","100.9021%",4,"2025/10/17 23:04"
"ヒバナ","Standard","master","12","100.5114%",6,"2026/01/01 12:44"
"初音ミクの消失","DX","advanced","8","99.6298%",1,"2025/05/27 18:27"
"初音ミクの消失","DX","expert","12","99.8489%",2,"2025/08/13 20:00"
"ラヴィ","DX","advanced","7","98.8396%",1,"2025/01/16 00:25"
"グリーンライツ・セレナーデ","DX","advanced","7","98.7155%",1,"2024/07/03 15:38"
"グリーンライツ・セレナーデ","DX","expert","10","66.5314%",1,"2024/08/19 18:47"
"ロキ","Standard","advanced","8","98.9719%",1,"2024/08/19 19:36"
"ロキ","Standard","master","11+","97.9951%",1,"2025/08/22 18:12"
"パーフェクト生命","Standard","advanced","8","100.2073%",1,"2025/06/20 20:59"
"パーフェクト生命","Standard","expert","10","96.8177%",1,"2025/06/27 20:38"
"さよならプリンセス","DX","advanced","7","99.9141%",2,"2024/08/19 18:29"
"さよならプリンセス","DX","expert","10+","99.1162%",1,"2025/07/10 20:44"
"だんだん早くなる","Standard","advanced","8","97.7621%",1,"2025/02/22 00:44"
"だんだん早くなる","Standard","expert","10","100.2867%",3,"2025/07/11 19:57"
"だんだん早くなる","Standard","master","12","100.4032%",11,"2025/12/30 22:12"
"恋愛裁判","Standard","advanced","7","97.7837%",1,"2024/08/19 18:12"
"恋愛裁判","Standard","expert","10","99.0124%",2,"2025/07/02 20:58"
"恋愛裁判","Standard","master","11+","99.8381%",27,"2026/01/21 17:18"
"ナイトメア☆パーティーナイト","Standard","advanced","8","100.0655%",1,"2025/02/22 00:44"
"ナイトメア☆パーティーナイト","Standard","expert","11","100.5078%",1,"2025/08/26 17:31"
"ナイトメア☆パーティーナイト","Standard","master","11+","99.6931%",8,"2026/01/07 16:30"
"さよならヒストリー","DX","advanced","7","95.6805%",1,"2024/08/19 18:29"
"さよならヒストリー","DX","expert","10","100.4437%",2,"2025/08/26 16:02"
"ひれ伏せ愚民どもっ！","Standard","advanced","7+","100.6500%",1,"2025/06/20 20:59"
"Calamity Fortune","Standard","advanced","9","100.2371%",1,"2025/07/10 20:44"
"Chronomia","DX","advanced","8","96.4864%",1,"2025/02/25 19:02"
"Chronomia","DX","expert","12","99.6972%",8,"2026/01/17 20:21"
"Luminaria","DX","advanced","7+","94.9814%",1,"2025/01/09 15:53"
"Luminaria","DX","expert","12","100.1291%",6,"2025/12/18 14:59"
"QUATTUORUX","DX","advanced","8+","95.1607%",1,"2024/08/19 18:47"
"INFiNiTE ENERZY -Overdoze-","DX","advanced","8","99.6604%",1,"2025/04/11 23:53"
"神威","DX","advanced","8+","100.3769%",1,"2025/08/20 21:35"
"Good Bye, Mr. Jack","Standard","advanced","9","91.2078%",1,"2024/03/29 15:57"
"ouroboros -twin stroke of the end-","DX","advanced","9","100.7561%",2,"2025/07/10 21:23"
"ouroboros -twin stroke of the end-","DX","expert","12","99.0843%",6,"2025/12/26 22:22"
"Abstruse Dilemma","DX","advanced","8+","98.6216%",1,"2025/03/04 19:00"
"Abstruse Dilemma","DX","expert","12","99.4993%",2,"2025/12/18 17:11"
"極圏","Standard","advanced","9","99.2303%",1,"2025/07/10 21:23"
"きたさいたま2000","Standard","advanced","8+","99.8455%",1,"2025/08/18 23:21"
"セイクリッド　ルイン","Standard","advanced","9+","96.8789%",1,"2025/03/27 16:47"
"FREEDOM DiVE (tpz Overcute Remix)","Standard","advanced","9","97.6964%",2,"2025/02/16 01:37"
"FREEDOM DiVE (tpz Overcute Remix)","Standard","expert","12+","100.1825%",5,"2026/01/15 20:32"
"ミラクルポップ☆アドベンチャー!!!!!","DX","advanced","8","100.6551%",1,"2025/07/03 21:29"
"エナドリおいしいソング","DX","advanced","8+","96.7693%",1,"2025/04/12 00:19"
"星空パーティーチューン","DX","advanced","8+","98.5399%",2,"2025/02/22 00:44"
"星空パーティーチューン","DX","expert","11","100.3617%",8,"2026/01/06 17:34"
"前衛的Landscape","DX","advanced","8","98.9592%",1,"2025/01/16 00:25"
"前衛的Landscape","DX","expert","11","99.8394%",1,"2025/08/18 23:36"
"FEEL the BEATS","Standard","advanced","8+","83.6560%",1,"2025/02/16 01:15"
"mystique as iris","DX","advanced","9+","97.9181%",1,"2025/05/27 17:51"
"雨露霜雪","DX","advanced","9","100.8657%",4,"2025/08/20 21:35"
"QZKago Requiem","Standard","advanced","10+","96.2127%",1,"2025/07/03 20:57"
"QZKago Requiem","Standard","expert","13","95.3246%",1,"2026/01/31 18:37"
"IF:U","DX","advanced","8","99.3448%",1,"2025/01/09 17:17"
"raputa","DX","advanced","8+","100.6680%",1,"2025/05/27 18:47"
"the EmpErroR","Standard","advanced","10+","98.1693%",2,"2025/08/07 21:49"
"VeRForTe αRtE:VEiN","DX","advanced","8","100.5551%",1,"2025/08/20 22:09"
"[X]","DX","advanced","8","100.7708%",1,"2025/08/22 17:12"
"VIIIbit Explorer","Standard","advanced","8","100.3814%",1,"2025/08/07 21:30"
"VIIIbit Explorer","Standard","expert","12+","96.3676%",2,"2025/11/14 22:42"
"康莊大道","DX","advanced","8+","100.7103%",1,"2026/01/13 19:42"
"Strive against fate","DX","advanced","7+","100.4676%",1,"2025/08/18 23:21"
"PANDORA PARADOXXX","Standard","advanced","11","93.6437%",1,"2025/07/10 21:40"
"華の集落、秋のお届け","DX","advanced","7+","99.0668%",2,"2024/08/19 19:36"
"BLACK SWAN","DX","advanced","8","98.7058%",1,"2025/05/27 18:10"
"Glorious Crown","Standard","advanced","10","100.2332%",1,"2025/08/18 23:36"
"Axeria","Standard","advanced","8+","99.0333%",1,"2025/05/27 17:16"
"FFT","Standard","advanced","9","99.8929%",1,"2025/07/10 21:23"
"Excalibur ～Revived resolution～","Standard","advanced","10","97.1094%",1,"2025/07/03 20:57"
"Schwarzschild","Standard","advanced","9+","99.9941%",2,"2025/08/20 21:35"
"Fragrance","Standard","advanced","9","92.0675%",1,"2025/05/27 18:47"
"Fragrance","Standard","expert","12+","86.6914%",1,"2025/08/29 18:05"
"R'N'R Monsta","DX","advanced","8","100.4235%",1,"2025/07/03 21:29"
"R'N'R Monsta","DX","expert","12","98.8334%",1,"2025/11/14 22:11"
"Apollo","DX","advanced","8+","98.9784%",1,"2025/03/04 19:18"
"Still","Standard","advanced","7+","95.4246%",1,"2025/01/09 16:11"
"Still","Standard","expert","11","100.5597%",8,"2026/01/17 20:59"
"Λzure Vixen","DX","advanced","8","99.9341%",1,"2025/05/27 17:33"
"Hainuwele","DX","advanced","8","100.0104%",1,"2025/05/27 18:10"
"スピカの天秤","DX","advanced","8+","100.6303%",1,"2025/08/20 20:57"
"World Vanquisher","Standard","advanced","9+","97.8249%",1,"2025/05/27 18:27"
"Xevel","Standard","advanced","8+","99.6502%",1,"2025/07/10 20:44"
"TiamaT:F minor","Standard","advanced","10","91.2312%",1,"2025/03/04 19:37"
"エンドマークに希望と涙を添えて","Standard","advanced","9+","93.6387%",1,"2025/03/04 19:00"
"アイドル","DX","expert","9+","100.8787%",2,"2025/07/02 20:58"
"アイドル","DX","master","11","98.8775%",2,"2025/08/02 17:48"
"勇者","DX","expert","9+","96.9711%",3,"2025/06/16 20:05"
"はいよろこんで","DX","expert","9+","100.4817%",1,"2025/08/22 18:42"
"はいよろこんで","DX","master","11+","99.8873%",1,"2025/08/22 18:42"
"もういいよ","DX","expert","9+","100.8250%",1,"2025/08/29 16:35"
"モエチャッカファイア","DX","expert","10","100.7348%",3,"2025/09/19 00:34"
"前前前世","Standard","expert","9","97.2054%",3,"2025/05/27 18:27"
"阿修羅ちゃん","DX","expert","10","100.3254%",4,"2025/08/08 20:09"
"踊","DX","expert","8","99.9316%",1,"2025/05/07 19:06"
"踊","DX","master","11","99.1944%",4,"2025/08/13 21:09"
"うぇいびー","DX","expert","10","100.8708%",1,"2025/11/05 00:22"
"RED","DX","expert","9+","100.6511%",1,"2025/11/14 22:11"
"だから僕は音楽を辞めた","DX","expert","8+","99.4943%",3,"2025/08/11 20:58"
"だから僕は音楽を辞めた","DX","master","12","99.1980%",11,"2026/01/31 16:55"
"春を告げる","DX","expert","9+","97.5128%",2,"2025/04/11 23:29"
"シカ色デイズ","DX","expert","9+","100.6203%",4,"2025/08/29 16:35"
"シカ色デイズ","DX","master","12+","98.8470%",10,"2026/01/06 17:11"
"壱雫空","DX","expert","11","100.3404%",2,"2025/10/02 18:28"
"おとせサンダー","DX","expert","9+","98.1573%",1,"2025/03/04 19:37"
"おとせサンダー","DX","master","11","99.5511%",2,"2025/09/19 00:17"
"マヌルネコのうた","DX","expert","9+","100.5631%",2,"2025/10/17 21:46"
"スナネコのうた","DX","expert","9+","100.4315%",2,"2025/10/17 22:21"
"愛包ダンスホール","DX","expert","9","100.9236%",5,"2025/08/22 19:05"
"ヒバリ","DX","expert","10+","98.6408%",2,"2025/07/18 23:38"
"Hello, Hologram","DX","expert","10","98.7302%",1,"2025/07/03 20:27"
"不機嫌なスリーカード","DX","expert","10","100.4568%",6,"2025/08/08 20:20"
"ヒトガタ","DX","expert","10+","99.7846%",2,"2025/07/19 00:10"
"きゅびずむ","DX","expert","10","100.0852%",4,"2025/09/04 19:42"
"きゅびずむ","DX","master","12+","98.6169%",9,"2026/01/12 17:33"
"きゅびびびびずむ","DX","expert","12","100.6299%",7,"2026/01/01 12:44"
"Virtual to LIVE","DX","expert","8+","94.7000%",1,"2025/02/25 19:16"
"モンダイナイトリッパー！","DX","expert","10+","100.5634%",1,"2025/11/14 21:42"
"モンスターカミング","DX","expert","11","99.2850%",1,"2025/07/18 23:38"
"メイトなやつら（FEAT. 天開司, 佐藤ホームズ, あっくん大魔王 & 歌衣メイカ）","DX","expert","10","98.9767%",3,"2025/06/26 20:35"
"メイトなやつら（FEAT. 天開司, 佐藤ホームズ, あっくん大魔王 & 歌衣メイカ）","DX","master","13","98.8997%",10,"2026/01/02 16:01"
"夢現妄想世界","DX","expert","10+","100.1233%",2,"2025/11/14 21:56"
"シュガーホリック","DX","expert","10","100.8236%",5,"2025/08/08 20:41"
"シリウスの輝きのように","DX","expert","10+","100.0328%",6,"2025/08/08 20:20"
"シリウスの輝きのように","DX","master","12","100.4158%",9,"2026/01/16 23:35"
"プラネタリウム・レヴュー","DX","expert","10","99.9753%",3,"2025/06/26 20:23"
"プラネタリウム・レヴュー","DX","master","11+","98.6826%",6,"2025/09/13 17:32"
"Burn My Soul","DX","expert","10","99.4937%",1,"2025/07/02 20:58"
"Burn My Soul","DX","master","12+","95.5376%",1,"2026/01/31 17:05"
"おジャ魔女カーニバル!!","DX","expert","8+","99.7389%",1,"2025/03/27 17:49"
"おジャ魔女カーニバル!!","DX","master","12+","96.9728%",11,"2026/01/15 20:17"
"ハム太郎とっとこうた","DX","expert","8","98.2262%",3,"2025/02/22 00:02"
"ハム太郎とっとこうた","DX","master","12","98.9985%",11,"2026/01/31 16:55"
"Unknown","DX","expert","10","94.0144%",1,"2025/04/11 23:53"
"Princess♂","DX","expert","10","99.2279%",1,"2025/07/03 20:37"
"ネ！コ！","Standard","expert","10+","100.3920%",2,"2025/07/19 00:10"
"ネ！コ！","Standard","master","12+","95.2751%",1,"2026/01/31 17:05"
"真・ハンサム体操でズンドコホイ","Standard","expert","10","94.1481%",1,"2025/03/27 16:59"
"若い力 -SEGA HARD GIRLS MIX-","Standard","expert","10","94.4880%",1,"2025/05/27 17:16"
"セハガガガンバッちゃう！！","Standard","expert","11","100.6062%",4,"2026/01/06 17:11"
"ラブリー☆えんじぇる!!","Standard","expert","10","92.8060%",2,"2025/03/27 18:00"
"ラブリー☆えんじぇる!!","Standard","master","12","97.2332%",3,"2026/01/25 21:08"
"ラブって♡ジュエリー♪えんじぇる☆ブレイク！！","Standard","expert","11+","99.5544%",1,"2025/08/22 17:49"
"HIMITSUスパーク","Standard","expert","10","95.6359%",1,"2025/07/03 20:37"
"ウッーウッーウマウマ(ﾟ∀ﾟ)","Standard","expert","9+","100.9375%",3,"2025/08/08 20:20"
"ポップミュージックは僕のもの","Standard","expert","9+","100.0056%",1,"2025/08/02 22:01"
"きらっせ☆ウッド村ファーム","Standard","expert","10","94.6292%",1,"2025/07/03 20:37"
"きらっせ☆ウッド村ファーム","Standard","master","12+","98.4359%",1,"2026/01/25 20:59"
"テトリス","DX","expert","10+","100.8928%",1,"2026/01/22 16:03"
"テトリス","DX","master","12","100.4624%",3,"2026/01/31 14:43"
"メズマライザー","DX","expert","10","100.6505%",1,"2025/07/28 19:07"
"メズマライザー","DX","master","11+","100.0761%",7,"2026/01/07 16:52"
"サイエンス","DX","expert","10","100.7766%",1,"2026/01/25 20:36"
"サイエンス","DX","master","13","98.3536%",3,"2026/01/31 17:20"
"オーバーライド","DX","expert","11","100.9195%",5,"2025/09/13 17:32"
"のだ","DX","expert","9+","100.7176%",2,"2025/08/27 17:33"
"きゅうくらりん","DX","expert","11+","100.4982%",7,"2025/10/17 22:10"
"フォニイ","DX","expert","9+","97.1340%",4,"2025/03/27 17:12"
"フォニイ","DX","master","11","100.1282%",7,"2026/01/06 17:11"
"星界ちゃんと可不ちゃんのおつかい合騒曲","DX","expert","11+","100.6558%",14,"2026/01/06 16:40"
"人マニア","DX","expert","10+","99.8351%",1,"2025/08/02 17:30"
"イガク","DX","expert","11","100.2020%",3,"2025/08/26 16:24"
"トンデモワンダーズ","DX","expert","10","95.2806%",1,"2025/03/04 19:18"
"てらてら","DX","expert","10","96.7847%",1,"2025/07/07 20:01"
"バグ","DX","expert","10","69.8902%",1,"2024/07/03 16:03"
"バグ","DX","master","11+","99.1285%",3,"2025/09/19 00:17"
"セカイ","DX","expert","10","99.2220%",1,"2025/06/26 20:13"
"セカイ","DX","master","12+","96.0373%",3,"2026/01/06 16:52"
"にっこり^^調査隊のテーマ","DX","expert","10","100.9747%",6,"2025/08/08 20:30"
"にっこり^^調査隊のテーマ","DX","master","12+","100.1635%",22,"2026/01/21 16:56"
"アイディスマイル","DX","expert","9+","100.7796%",5,"2025/08/08 20:09"
"アイディスマイル","DX","master","12+","95.3021%",6,"2026/01/31 15:06"
"お呪い","DX","expert","10","100.2706%",1,"2026/01/01 12:54"
"ありきたりな恋の歌","DX","expert","10","100.6504%",1,"2026/01/01 13:05"
"抜錨","DX","expert","10+","99.9545%",1,"2025/10/09 13:17"
"M@GICAL☆CURE! LOVE ♥ SHOT!","DX","expert","11","100.7494%",6,"2025/10/17 21:58"
"ゆりかご","DX","expert","9","100.2278%",1,"2025/07/28 19:56"
"月光","DX","expert","11","100.2717%",6,"2025/10/14 18:05"
"熱異常","DX","expert","10","99.5387%",2,"2025/07/03 20:57"
"熱異常","DX","master","12","98.1303%",2,"2025/12/18 14:59"
"バベル","DX","expert","10","97.2044%",1,"2025/06/25 20:22"
"あいたい星人","DX","expert","9+","100.3912%",1,"2025/10/06 12:58"
"ハオ","DX","expert","10","100.7754%",1,"2025/10/13 16:04"
"デビルじゃないもん","DX","expert","9+","98.7142%",3,"2025/06/25 20:22"
"デビルじゃないもん","DX","master","13","93.8581%",2,"2026/01/04 22:47"
"ジレンマ","DX","expert","10","100.4844%",2,"2025/10/17 23:17"
"ヴァンパイア","DX","expert","10","100.5512%",2,"2025/10/17 23:04"
"ヴァンパイア","DX","master","11+","99.4416%",3,"2026/01/06 17:23"
"アンドロイドガール","DX","expert","10","100.4176%",1,"2025/10/17 22:44"
"ゴーストルール","DX","expert","9+","97.3861%",2,"2025/03/27 16:47"
"ゴーストルール","Standard","expert","10+","98.7490%",1,"2025/08/04 21:20"
"ストリーミングハート","Standard","expert","10+","99.7626%",1,"2025/10/17 23:04"
"モザイクロール","DX","expert","10","100.9677%",1,"2025/11/04 23:54"
"弱虫モンブラン","Standard","expert","10+","100.1184%",1,"2025/10/17 23:17"
"酔いどれ知らず","DX","expert","8","100.1392%",2,"2025/05/27 18:10"
"酔いどれ知らず","DX","master","11+","100.0562%",4,"2025/09/04 19:54"
"QUEEN","DX","expert","10","99.2327%",3,"2025/06/26 20:13"
"KING","DX","expert","9+","94.6921%",1,"2025/02/25 19:46"
"初音天地開闢神話","DX","expert","11","99.5900%",1,"2025/08/18 23:36"
"初音ミクの激唱","Standard","expert","12","92.2778%",1,"2025/05/27 17:16"
"初音ミクの消失","Standard","expert","11+","97.0878%",2,"2025/08/18 22:50"
"終点","Standard","expert","12","99.0529%",3,"2025/12/18 17:11"
"病み垢ステロイド","DX","expert","11","100.7574%",4,"2025/10/28 21:19"
"神っぽいな","DX","expert","8+","100.0330%",6,"2025/06/17 20:03"
"神っぽいな","DX","master","11+","100.0147%",4,"2026/01/07 17:04"
"魔法少女とチョコレゐト","DX","expert","9","100.4757%",1,"2025/08/19 00:10"
"腐れ外道とチョコレゐト","Standard","expert","12+","96.0407%",1,"2026/01/04 22:35"
"リアライズ","DX","expert","10","97.1596%",1,"2025/05/07 18:54"
"マーシャル・マキシマイザー","DX","expert","9+","99.4577%",1,"2025/06/25 20:22"
"強風オールバック","DX","expert","9+","90.5476%",1,"2024/08/19 18:29"
"寝起きヤシの木","DX","expert","9+","91.5709%",1,"2024/08/19 19:17"
"WORLD'S END UMBRELLA","Standard","expert","10","100.4330%",1,"2025/08/18 23:36"
"ゴーゴー幽霊船","DX","expert","10","99.4575%",3,"2025/08/27 16:25"
"39","Standard","expert","11","96.0587%",1,"2025/07/19 00:10"
"回る空うさぎ","DX","expert","8","99.1951%",2,"2025/06/17 20:03"
"回る空うさぎ","DX","master","12","99.0941%",1,"2026/01/16 23:35"
"Alice in 冷凍庫","DX","expert","9+","95.2091%",2,"2025/04/11 23:29"
"アスノヨゾラ哨戒班","DX","expert","9","100.8945%",3,"2025/11/04 23:54"
"キミノヨゾラ哨戒班","Standard","expert","10+","95.8706%",3,"2025/06/27 20:25"
"キャットラビング","DX","expert","8+","92.4550%",1,"2025/02/16 01:26"
"だれかの心臓になれたなら","DX","expert","9","94.0166%",1,"2025/02/25 19:30"
"snooze","DX","expert","10+","98.2568%",1,"2025/05/27 17:51"
"ワールドワイドワンダー","DX","expert","9","99.1608%",1,"2025/06/16 20:05"
"春嵐","DX","expert","10","100.0344%",1,"2025/08/18 23:05"
"ラグトレイン","DX","expert","9+","96.8474%",1,"2025/04/11 23:53"
"ダンスロボットダンス","Standard","expert","11","100.4724%",3,"2025/08/26 16:24"
"ハッピーシンセサイザ","DX","expert","9","92.6338%",1,"2025/01/09 15:36"
"カゲロウデイズ","Standard","expert","11+","99.4472%",1,"2025/08/29 17:01"
"白ゆき","Standard","expert","11+","100.8020%",4,"2026/01/07 17:04"
"ウミユリ海底譚","Standard","expert","9+","98.4003%",3,"2025/06/17 20:03"
"立ち入り禁止","Standard","expert","11+","99.1678%",1,"2025/08/27 17:33"
"エイプリルスター","DX","expert","10","99.4916%",2,"2025/07/22 20:40"
"ポッピンキャンディ☆フィーバー！","DX","expert","10","100.6863%",1,"2025/12/24 17:29"
"ポッピンキャンディ☆フィーバー！","DX","master","12+","96.1291%",5,"2026/01/15 20:56"
"どぅーまいべすと！","DX","expert","9+","100.8498%",1,"2025/12/12 21:36"
"どぅーまいべすと！","DX","master","12","99.9873%",11,"2026/01/31 14:30"
"スターリースカイ☆パレード","DX","expert","10","100.1076%",2,"2025/10/14 17:53"
"スターリースカイ☆パレード","DX","master","12+","99.4150%",8,"2026/01/09 22:34"
"やめろ！聴くな！","Standard","expert","10","97.3703%",1,"2025/06/20 20:46"
"六兆年と一夜物語","DX","expert","9","97.6820%",2,"2025/03/27 17:35"
"敗北の少年","Standard","expert","11+","98.3562%",1,"2025/08/18 23:21"
"Hand in Hand","Standard","expert","10","96.2458%",1,"2025/06/20 20:59"
"天ノ弱","Standard","expert","11","99.9234%",1,"2025/08/18 23:52"
"おねがいダーリン","Standard","expert","11","100.3049%",7,"2025/10/17 21:35"
"おねがいダーリン","Standard","master","12+","98.6496%",5,"2026/01/31 14:10"
"ロストワンの号哭","Standard","expert","10+","89.9760%",1,"2025/05/27 17:16"
"東京リアルワールド","Standard","expert","9","100.5979%",1,"2025/06/20 20:59"
"Nyan Cat EX","Standard","expert","11+","98.2171%",2,"2026/01/04 23:08"
"木彫り鯰と右肩ゾンビ","Standard","expert","10+","98.5351%",1,"2025/06/20 20:32"
"Help me, ERINNNNNN!!","DX","expert","10+","101.0000%",1,"2025/12/02 18:43"
"超最終鬼畜妹フランドール・S","DX","expert","12+","96.5119%",1,"2025/12/12 22:09"
"有頂天ドリーマーズ","DX","expert","10+","100.5338%",1,"2026/01/22 15:51"
"有頂天ドリーマーズ","DX","master","13","92.2216%",1,"2026/01/31 14:43"
"インターネットサバイバー","DX","expert","11","100.5267%",5,"2025/08/22 17:49"
"インターネットサバイバー","DX","master","13","92.0258%",1,"2026/01/17 20:33"
"マツヨイナイトバグ","DX","expert","10+","99.6781%",5,"2025/08/20 22:09"
"幻想に咲いた花","DX","expert","9+","93.2640%",1,"2025/03/27 17:35"
"三妖精SAY YA!!!","DX","expert","10","100.3173%",2,"2025/07/08 20:30"
"響け！CHIREI MY WAY!","DX","expert","9","100.1481%",1,"2025/07/09 19:56"
"響け！CHIREI MY WAY!","DX","master","12+","95.0402%",3,"2026/01/21 17:41"
"全力ハッピーライフ","DX","expert","10","100.5085%",3,"2025/12/09 19:54"
"全力ハッピーライフ","DX","master","12+","99.6857%",14,"2026/01/25 20:59"
"Idoratrize World","DX","expert","10","99.1265%",1,"2025/07/28 19:56"
"Ultimate taste","DX","expert","11","99.9728%",2,"2025/09/19 00:50"
"Re:Unknown X","DX","expert","12","98.4371%",4,"2026/01/31 18:10"
"月に叢雲華に風","Standard","expert","10","99.9245%",3,"2025/07/02 20:05"
"つるぺったん","DX","expert","10","99.1787%",1,"2025/07/08 20:43"
"つるぺったん","DX","master","12","99.9301%",4,"2026/01/31 14:54"
"ケロ⑨destiny","DX","expert","10","99.2738%",1,"2025/07/07 20:12"
"蒼空に舞え、墨染の桜","Standard","expert","11","100.3863%",2,"2025/12/12 21:27"
"Bad Apple!! feat.nomico","Standard","expert","10+","99.3998%",3,"2025/07/22 20:40"
"Bad Apple!! feat.nomico","Standard","master","12","98.9482%",8,"2026/01/31 17:37"
"Witches night","DX","expert","9","98.5942%",2,"2025/06/17 20:03"
"Witches night","DX","master","12+","93.8235%",1,"2026/01/21 17:29"
"Unwelcome School","DX","expert","10+","100.9096%",1,"2026/01/22 15:51"
"Unwelcome School","DX","master","12","99.1922%",7,"2026/01/31 17:20"
"Hurtling Boys","DX","expert","12+","97.9709%",1,"2026/01/31 17:53"
"Restricted Access","DX","expert","11","100.6911%",2,"2026/01/31 17:37"
"胡蝶乃舞","DX","expert","11+","100.5873%",1,"2026/01/31 14:54"
"零號車輛","DX","expert","12+","98.5147%",2,"2026/01/31 18:10"
"Destined Marionette","DX","expert","12","98.9036%",1,"2025/12/18 16:10"
"Overjoy ★ OVERDOSE!!","DX","expert","11","98.6296%",1,"2025/08/22 19:05"
"NightTheater","DX","expert","11+","97.6066%",1,"2025/08/18 22:50"
"HYP3RTRIBE","DX","expert","11+","98.9370%",1,"2025/08/20 21:53"
"MYTH Re：LEASE","DX","expert","12+","94.5941%",1,"2026/01/25 21:23"
"How To Make 音ゲ～曲！","DX","expert","12","98.3802%",1,"2025/08/18 20:44"
"お願い！コンコンお稲荷さま","DX","expert","10","98.8484%",1,"2025/07/07 20:12"
"いっぱい食べる君が好きだよ","DX","expert","10+","100.6662%",5,"2025/08/26 15:50"
"ピポピポ -People People- feat. ななひら","DX","expert","11","100.5485%",11,"2025/09/13 16:56"
"NO ONE YES MAN","DX","expert","12","100.2473%",1,"2025/12/21 00:40"
"Leave All Behind","DX","expert","11","100.7973%",2,"2026/01/02 15:39"
"Retribution ～ Cycle of Redemption ～","DX","expert","13","97.3699%",1,"2026/01/04 22:47"
"Luminescence","DX","expert","11","99.5185%",2,"2026/01/06 16:52"
"OMAKENO Stroke","DX","expert","11+","100.2966%",2,"2025/08/27 16:40"
"FUJIN Rumble","Standard","expert","11+","96.5528%",1,"2025/08/20 21:53"
"DANGEROOOOUS JUNGLE","DX","expert","11+","100.3523%",1,"2025/08/07 21:11"
"僕の和風本当上手","DX","expert","12","97.9365%",6,"2025/12/26 22:34"
"Cthugha","DX","expert","12","100.5126%",4,"2025/12/02 18:55"
"迷える音色は恋の唄","DX","expert","10+","95.9387%",1,"2025/07/07 20:24"
"Löschen","DX","expert","11","99.4053%",2,"2025/12/18 15:53"
"最強STRONGER","DX","expert","12+","94.3333%",1,"2025/08/07 21:49"
"Lost Desire","DX","expert","11+","100.4720%",2,"2025/12/18 15:33"
"ULTRA SYNERGY MATRIX","DX","expert","12","99.8056%",2,"2025/09/19 00:50"
"ENERGY SYNERGY MATRIX","DX","expert","11","99.0846%",1,"2025/12/18 15:53"
"ENERGY SYNERGY MATRIX","Standard","expert","13","98.8889%",7,"2026/01/02 16:01"
"竹","DX","expert","12","98.6971%",1,"2025/08/07 21:30"
"れっつ！みらくる☆はーどこあっ！","DX","expert","11+","100.5764%",3,"2026/01/07 16:42"
"Sound Chimera","DX","expert","12","91.8449%",1,"2025/12/18 16:54"
"Grievous Lady","DX","expert","12","99.2186%",3,"2026/01/09 22:48"
"はげしこの夜 -Psylent Crazy Night-","DX","expert","11+","98.7637%",1,"2025/12/18 15:53"
"MEGATON KICK","DX","expert","11+","96.7863%",1,"2025/12/18 16:10"
"BATTLE NO.1","DX","expert","12","94.9900%",1,"2025/08/20 20:41"
"Halcyon","DX","expert","11","99.7725%",1,"2025/12/21 00:25"
"Altale","Standard","expert","12","98.5946%",1,"2025/08/29 17:49"
"コンティニュー！ feat. 藍月なくる","DX","expert","10+","100.8338%",1,"2025/08/29 17:01"
"Rush-Hour","DX","expert","12","99.6339%",1,"2025/12/18 16:54"
"enchanted love","DX","expert","11+","97.0429%",1,"2025/08/18 23:05"
"Caterpillar Song","DX","expert","12","96.3261%",1,"2025/12/30 22:46"
"Southern Cross","DX","expert","10+","100.7565%",7,"2026/01/02 15:39"
"Southern Cross","DX","master","13","90.0155%",1,"2026/01/01 13:18"
"Brain Power","Standard","expert","11+","97.6020%",1,"2025/10/16 16:01"
"CO5M1C R4ILR0AD","DX","expert","11+","100.1182%",2,"2026/01/17 00:27"
"Re：End of a Dream","DX","expert","12","97.5001%",1,"2025/08/20 20:41"
"Arty Party","DX","expert","11+","99.9142%",5,"2026/01/07 16:52"
"c.s.q.n.","DX","expert","11","97.2506%",1,"2025/08/07 21:11"
"energy trixxx","DX","expert","11","99.7720%",1,"2026/01/16 23:52"
"L4TS:2018 (feat. あひる & KTA)","Standard","expert","11+","97.8271%",1,"2025/10/16 15:51"
"魔法少女になるしかねぇ","Standard","expert","12","97.5175%",1,"2026/01/31 18:10"
"源平大戦絵巻テーマソング","Standard","expert","10+","98.0825%",1,"2025/08/20 21:14"
"In Chaos","Standard","expert","9+","93.7585%",1,"2025/07/03 21:29"
"Outlaw's Lullaby","Standard","expert","10+","100.3420%",1,"2025/08/20 22:09"
"CiRCLE CAMPAiGN","DX","expert","11","100.7944%",1,"2026/01/22 16:03"
"分解収束テイル","DX","expert","11","100.2105%",2,"2025/08/18 21:27"
"分からない","Standard","expert","11+","97.6260%",1,"2025/08/07 21:11"
"殿ッ！？ご乱心！？","DX","expert","12+","96.3193%",1,"2026/01/31 17:37"
"False Amber (from the Black Bazaar, Or by A Kervan Trader from the Lands Afar, Or Buried Beneath the Shifting Sands That Lead Everywhere but Nowhere)","DX","expert","13","90.5891%",1,"2025/12/18 15:18"
"YKWTD","DX","expert","11","98.6373%",1,"2025/08/04 20:28"
"184億回のマルチトニック","DX","expert","11+","98.8714%",1,"2025/08/04 19:39"
"エスオーエス","DX","expert","10+","99.5975%",2,"2025/07/28 21:01"
"チエルカ／エソテリカ","DX","expert","12","97.1769%",1,"2025/08/02 18:48"
"ミルキースター・シューティングスター","DX","expert","10+","99.6233%",1,"2025/09/04 19:29"
"プリズム△▽リズム","DX","expert","10","100.3453%",4,"2025/07/28 20:12"
"ウタヒメナイトストーム","DX","expert","11","99.6481%",3,"2025/08/18 23:52"
"Ourania","DX","expert","10+","100.2947%",1,"2025/08/22 17:59"
"RE:INCARNATED DRAGNER","DX","expert","11+","100.2147%",3,"2025/08/18 21:08"
"Beginning together!","DX","expert","10+","98.2403%",1,"2025/07/17 20:20"
"Shining Ray ～僕らの絆～","DX","expert","10","98.1992%",1,"2025/07/21 20:45"
"DEVOTION","DX","expert","11+","98.7988%",4,"2025/08/20 20:21"
"ツムギボシ","DX","expert","11+","100.7724%",16,"2025/12/26 21:50"
"Rainbow Rush Story","DX","expert","10","100.8861%",6,"2025/12/09 19:27"
"群青シグナル","DX","expert","11+","100.6651%",1,"2025/08/20 21:53"
"ホシシズク","DX","expert","10","100.8809%",5,"2025/12/09 19:27"
"トリアージ","DX","expert","10","98.4112%",2,"2025/06/27 20:38"
"とびだせ！TO THE COSMIC!!","DX","expert","12","96.4001%",1,"2025/10/13 16:38"
"生命不詳","DX","expert","11+","98.2513%",1,"2025/08/27 16:25"
"ぼくたちいつでも　しゅわっしゅわ！","DX","expert","11","98.8275%",1,"2025/07/28 21:01"
"超常マイマイン","DX","expert","10","99.1942%",3,"2025/06/19 20:33"
"超常マイマイン","DX","master","12+","95.9841%",4,"2026/01/15 20:44"
"でらっくmaimai♪てんてこまい!","DX","expert","10","99.2003%",1,"2025/08/02 22:01"
"OTOGEMA","DX","expert","10+","99.0595%",1,"2025/07/28 21:01"
"KING is BACK!!","Standard","expert","11+","100.2582%",1,"2025/08/26 17:07"
"FEEL ALIVE","Standard","expert","12","90.7021%",1,"2025/08/29 18:05"
"welcome to maimai!! with マイマイマー","Standard","expert","9+","95.8723%",1,"2025/06/17 20:17"
"一か罰","DX","expert","11","98.5887%",1,"2025/08/27 17:15"
"一か罰","DX","master","12+","94.5436%",1,"2026/01/31 19:00"
"SPILL OVER COLORS","Standard","expert","11+","99.1918%",1,"2025/10/16 16:01"
"Selector","Standard","expert","11+","98.2024%",1,"2025/08/26 17:07"
"Starlight Disco","DX","expert","11+","99.9536%",1,"2025/08/26 16:46"
"Starlight Disco","Standard","expert","11+","97.8603%",1,"2025/08/26 16:46"
"ナミダと流星","DX","expert","11","99.3675%",1,"2025/07/28 20:29"
"ネコ日和。","Standard","expert","8+","100.8203%",8,"2025/09/04 20:20"
"ネコ日和。","Standard","master","12+","98.7237%",5,"2026/01/13 19:42"
"犬日和。","Standard","expert","10","97.1733%",2,"2025/09/04 19:42"
"炎歌 -ほむらうた-","DX","expert","9+","81.3116%",1,"2025/01/09 15:53"
"Fraq","DX","expert","12","100.2919%",7,"2025/12/18 15:33"
"Valsqotch","DX","expert","13","94.3726%",1,"2026/01/31 19:00"
"P-qoq","DX","expert","10","97.0370%",1,"2025/07/28 20:45"
"Feel The Luv","DX","expert","11","99.0997%",3,"2025/08/07 20:49"
"Flashback","DX","expert","11","97.1643%",1,"2025/08/08 19:55"
"Colorfull:Encounter","DX","expert","11+","98.0837%",1,"2025/08/12 20:15"
"TEmPTaTiON","DX","expert","12+","95.3023%",1,"2026/01/31 19:00"
"Oshama Scramble!","Standard","expert","11+","98.2062%",2,"2025/10/16 15:41"
"Tricolor⁂circuS","DX","expert","10+","100.7093%",7,"2026/01/31 18:37"
"天蓋","DX","expert","11","99.3868%",2,"2025/08/26 16:35"
"Deicide","DX","expert","12","98.1859%",1,"2025/08/27 17:15"
"Edelweiss","DX","expert","11+","98.8152%",2,"2025/08/18 22:50"
"Ether Second","DX","expert","11+","98.3795%",1,"2025/08/04 20:06"
"Straight into the lights","DX","expert","12","94.7968%",1,"2025/08/20 21:14"
"The Great Banquet","DX","expert","11","98.0985%",1,"2025/08/07 21:30"
"Swift Swing","DX","expert","12","98.1510%",1,"2026/01/15 20:44"
"Horoscope Express","DX","expert","11","98.9291%",4,"2025/08/29 18:05"
"Party☆People☆Princess","DX","expert","11+","100.8719%",20,"2026/01/15 20:56"
"渦状銀河のシンフォニエッタ","DX","expert","11+","94.8929%",1,"2025/07/10 21:40"
"Beat Opera op.1","DX","expert","10+","98.7437%",1,"2025/08/29 17:30"
"VIIIbit Explorer","DX","expert","13","90.8193%",1,"2026/01/31 18:37"
"You Mean the World to Me","DX","expert","11","98.3272%",1,"2025/08/26 17:19"
"""411Ψ892""","DX","expert","12+","99.0770%",3,"2026/01/06 17:23"
"星見草","DX","expert","11","99.0173%",1,"2025/09/03 14:24"
"Cryptarithm","DX","expert","13","96.1741%",3,"2026/01/31 19:00"
"7thSense","Standard","expert","11+","98.9097%",1,"2025/12/18 16:10"
"Yorugao","DX","expert","12","92.2052%",1,"2025/08/20 21:35"
"BREaK! BREaK! BREaK!","DX","expert","12+","95.5627%",4,"2025/12/18 15:18"
"Raven Emperor","DX","expert","12","95.8223%",1,"2025/12/18 17:11"
"華の集落、秋のお届け","Standard","expert","12","98.1159%",1,"2026/01/31 18:37"
"NAGAREBOSHI☆ROCKET","DX","expert","12","98.3361%",2,"2025/08/13 20:00"
"Starry Colors","DX","expert","11","97.9244%",1,"2025/08/04 20:28"
"ワンダーシャッフェンの法則","DX","expert","10+","99.4144%",1,"2025/08/07 21:49"
"UniTas","DX","expert","11+","96.7350%",1,"2025/07/28 20:29"
"MYTHOS","Standard","expert","12","95.8029%",1,"2026/01/31 18:10"
"MAXRAGE","DX","expert","11","96.1377%",1,"2025/07/28 20:12"
"ATLAS RUSH","DX","expert","12+","97.8542%",2,"2026/01/17 00:27"
"Mare Maris","Standard","expert","12","99.4536%",2,"2025/12/12 21:47"
"高気圧ねこロック","Standard","expert","11+","98.9743%",1,"2025/12/09 19:41"
"VERTeX","Standard","expert","11+","94.4750%",1,"2025/08/07 21:11"
"ViRTUS","DX","expert","13","88.9742%",1,"2025/08/02 18:25"
"U&iVERSE -銀河鸞翔-","DX","expert","12","96.7888%",3,"2025/09/13 17:07"
"ここからはじまるプロローグ。 (Kanon Remix)","DX","expert","11+","100.5594%",5,"2026/01/09 22:23"
"モ°ルモ°ル (MZK Skippin' Remix)","DX","expert","10+","99.3911%",1,"2025/07/28 20:45"
"いちげき！のテーマ","DX","expert","10+","100.7660%",3,"2025/12/09 19:41"
"Transcend Lights","DX","expert","11","100.0358%",2,"2025/09/25 19:54"
"撩乱乙女†無双劇","DX","expert","11+","98.2909%",1,"2025/10/01 00:33"
"最っ高のエンタメだ!!","DX","expert","11","99.8471%",3,"2026/01/17 20:45"
"Y.Y.Y.計画!!!!","DX","expert","10+","97.7283%",1,"2025/06/27 20:25"
"ぱくぱく☆がーる","DX","expert","10","100.5469%",5,"2026/01/17 20:45"
"トリドリ⇒モリモリ！Lovely fruits☆","DX","expert","10+","100.6151%",2,"2026/01/17 20:59"
"Zitronectar","DX","expert","12","98.7630%",9,"2026/01/12 17:45"
"Radiance","DX","expert","10+","99.8611%",8,"2026/01/01 13:18"
"美夜月鏡","DX","expert","12","98.4121%",1,"2025/09/19 00:34"
"MarbleBlue.","DX","expert","12+","95.1015%",1,"2026/01/31 17:53"
"Last Kingdom","DX","expert","12","99.4903%",2,"2025/09/19 00:00"
"Titania","DX","expert","12","95.6374%",4,"2026/01/31 16:13"
"See The Light","DX","expert","11","99.9445%",2,"2025/12/18 15:18"
"エータ・ベータ・イータ","DX","expert","12","97.0884%",1,"2025/10/13 16:50"
"Good bye, Merry-Go-Round.","DX","expert","12","98.7528%",1,"2025/08/27 17:54"
"SUPER AMBULANCE","DX","expert","12","99.6405%",4,"2025/12/18 14:59"
"Don't Fight The Music","DX","expert","12+","92.8629%",1,"2025/08/02 17:30"
"無敵We are one!!","Standard","expert","10","100.6185%",3,"2026/01/17 20:45"
"Session High⤴","Standard","expert","10+","99.8776%",1,"2025/10/28 21:45"
"Session High⤴","Standard","master","12+","94.7471%",1,"2026/01/31 16:01"
"crazy (about you)","DX","expert","10+","100.5203%",2,"2025/10/14 17:53"
"サウンドプレイヤー","DX","expert","10","100.5723%",2,"2025/08/27 17:15"
"SPICY SWINGY STYLE","Standard","expert","11+","100.2673%",5,"2026/01/17 20:33"
"Bang Babang Bang!!!","Standard","expert","11+","99.7375%",1,"2025/12/18 15:53"
"イロトリドリのメロディ","Standard","expert","10+","98.4335%",1,"2025/08/26 17:19"
"イロトリドリのメロディ","Standard","master","12+","94.7963%",1,"2026/01/31 16:13"
"DETARAME ROCK&ROLL THEORY","Standard","expert","11","99.4146%",1,"2025/07/10 21:40"
"My Dearest Song","Standard","expert","11+","97.6058%",1,"2025/08/27 16:25"
"あねぺったん","Standard","expert","10+","100.2963%",1,"2025/10/28 21:45"
"単一指向性オーバーブルーム","DX","expert","10","92.1517%",1,"2025/03/04 19:18"
"みなえをチェック！","DX","expert","10","100.7220%",2,"2026/01/17 20:59"
"Drivessover","DX","expert","12","98.2069%",2,"2025/08/27 17:54"
"Tidal Wave","DX","expert","12","97.0583%",1,"2025/08/04 20:48"
"Elemental Ethnic","DX","expert","12+","98.3553%",1,"2025/08/27 16:40"
"MUSIC PЯAYER","DX","expert","10","94.0439%",1,"2025/03/27 18:27"
"コスモポップファンクラブ","DX","expert","10+","100.5914%",1,"2025/12/18 16:54"
"folern","DX","expert","12","97.6145%",2,"2025/08/27 17:54"
"レーイレーイ","DX","expert","10","97.4775%",2,"2025/08/18 22:50"
"CHOCOLATE BOMB!!!!","DX","expert","11+","97.5960%",1,"2025/10/16 15:51"
"はちみつアドベンチャー","DX","expert","10","98.6200%",1,"2025/07/03 20:27"
"Counselor","Standard","expert","10+","100.4482%",3,"2025/10/28 21:19"
"Counselor","Standard","master","12","97.0182%",4,"2026/01/17 00:27"
"Invitation","Standard","expert","9+","98.3786%",1,"2025/06/20 20:46"
"その群青が愛しかったようだった","Standard","expert","11","98.8680%",1,"2025/07/23 20:32"
"光線チューニング","Standard","expert","11+","100.5317%",1,"2026/01/17 20:33"
"BOKUTO","DX","expert","11","99.3812%",1,"2025/07/23 20:18"
"ビビデバ","DX","master","11+","99.7142%",2,"2025/10/09 13:17"
"唱","DX","master","11+","99.4698%",1,"2025/08/13 20:56"
"はんぶんこ","DX","master","12+","89.6099%",1,"2025/11/05 00:34"
"バラライカ","Standard","master","12","98.7960%",1,"2026/01/31 16:55"
"デビル☆アイドル","DX","master","12+","97.0636%",1,"2026/01/31 17:05"
"POP STAR","Standard","master","11","93.5334%",1,"2025/07/23 20:18"
"Love You","Standard","master","11+","99.4444%",2,"2026/01/31 16:26"
"true my heart -Lovable mix-","Standard","master","12","97.0297%",1,"2026/01/15 20:56"
"タケモトピアノCMソング","DX","master","12+","94.5655%",1,"2026/01/25 21:08"
"群青讃歌","DX","master","12","99.6603%",5,"2026/01/01 12:44"
"少女レイ","DX","master","12+","98.3648%",1,"2025/12/30 22:12"
"空回りライブラリ","DX","master","12+","100.1209%",11,"2026/01/31 14:30"
"好きな惣菜発表ドラゴン","DX","master","12","99.2208%",1,"2025/12/30 22:29"
"ラビットホール","DX","master","11+","100.4766%",9,"2026/01/07 16:42"
"妄想感傷代償連盟","Standard","master","11","99.8130%",1,"2025/10/17 22:32"
"MIRA","DX","master","12+","93.7273%",1,"2025/12/26 22:50"
"ダーリンダンス","DX","master","11+","100.0307%",1,"2025/10/09 12:37"
"ゼロトーキング","DX","master","13","91.6036%",1,"2025/12/30 22:12"
"シャルル","Standard","master","12+","95.2150%",1,"2025/10/09 12:56"
"演劇","DX","master","12","97.4669%",2,"2025/12/18 15:18"
"幽霊東京","DX","master","12","97.0977%",2,"2025/12/30 22:46"
"エイリアンエイリアン","Standard","master","12+","96.1848%",1,"2025/10/09 12:56"
"METEOR","DX","master","12","96.4804%",1,"2025/12/30 22:46"
"ラブチーノ","Standard","master","11+","96.3746%",1,"2025/10/16 15:51"
"ロールプレイングゲーム","Standard","master","12+","99.1132%",1,"2026/01/21 17:41"
"はやくそれになりたい！","Standard","master","11+","100.5237%",21,"2026/01/09 22:23"
"Tell Your World","Standard","master","12","97.6830%",1,"2025/12/18 14:59"
"サドマミホリック","Standard","master","12","98.5344%",1,"2026/01/31 17:20"
"最終鬼畜妹フランドール・S","Standard","master","12","99.1525%",1,"2026/01/21 17:41"
"Help me, ERINNNNNN!!（Band ver.）","Standard","master","12","97.0500%",1,"2026/01/21 17:18"
"クレイジークレイジーダンサーズ","Standard","master","11+","99.1021%",2,"2025/08/12 20:15"
"お嫁にしなさいっ！","Standard","master","12+","96.6765%",1,"2026/01/21 17:29"
"みんなの","Standard","master","12","95.7525%",2,"2026/01/31 14:54"
"彩りキャンバス","DX","master","13","93.3774%",1,"2026/01/31 17:20"
"檄！帝国華撃団(改)","Standard","master","10+","95.9640%",1,"2025/05/07 18:54"
"りばーぶ","Standard","master","11","96.9110%",2,"2025/07/22 21:13"
"RIFFRAIN","DX","master","13","90.3771%",1,"2025/09/19 00:50"
"Sweets×Sweets","Standard","master","11","96.5308%",1,"2025/07/23 20:18"
"STARTLINER","DX","master","11+","100.2099%",4,"2025/12/09 19:54"
"Jump!! Jump!! Jump!!","DX","master","12","98.8169%",2,"2026/01/31 15:06"
"最強 the サマータイム!!!!!","DX","master","12+","97.1342%",2,"2026/01/31 16:01"
"STARRED HEART","DX","master","12","98.3284%",3,"2026/01/31 16:01"
"Kiss Me Kiss","DX","master","12+","94.0680%",1,"2026/01/31 16:13"
"Agitation！","DX","master","12","96.0442%",1,"2026/01/31 16:26"